<inspections profile_name="Better Null Check" version="1.0">
  <option name="myName" value="Better Null Check" />
  <option name="myLocal" value="true" />
  <inspection_tool class="AbstractMethodCallInConstructor" enabled="true" level="WARNING" enabled_by_default="true" />
  <inspection_tool class="CStyleArrayDeclaration" enabled="true" level="WARNING" enabled_by_default="true" />
  <inspection_tool class="ConfusingMainMethod" enabled="true" level="WARNING" enabled_by_default="true" />
  <inspection_tool class="ConstantConditions" enabled="true" level="ERROR" enabled_by_default="true">
    <scope name="Tests" level="WEAK WARNING" enabled="true">
      <option name="SUGGEST_NULLABLE_ANNOTATIONS" value="false" />
      <option name="DONT_REPORT_TRUE_ASSERT_STATEMENTS" value="false" />
    </scope>
    <option name="SUGGEST_NULLABLE_ANNOTATIONS" value="true" />
    <option name="DONT_REPORT_TRUE_ASSERT_STATEMENTS" value="false" />
  </inspection_tool>
  <inspection_tool class="Deprecation" enabled="true" level="ERROR" enabled_by_default="true" />
  <inspection_tool class="EqualsAndHashcode" enabled="true" level="ERROR" enabled_by_default="true" />
  <inspection_tool class="FieldMayBeFinal" enabled="true" level="WARNING" enabled_by_default="true">
    <scope name="Tests" level="WARNING" enabled="false" />
  </inspection_tool>
  <inspection_tool class="Finalize" enabled="true" level="WARNING" enabled_by_default="true">
    <option name="ignoreTrivialFinalizers" value="true" />
  </inspection_tool>
  <inspection_tool class="GroovyUncheckedAssignmentOfMemberOfRawType" enabled="true" level="ERROR" enabled_by_default="true" />
  <inspection_tool class="HtmlTagCanBeJavadocTag" enabled="true" level="WARNING" enabled_by_default="true" />
  <inspection_tool class="LoggerInitializedWithForeignClass" enabled="false" level="WARNING" enabled_by_default="false">
    <option name="loggerClassName" value="org.apache.log4j.Logger,org.slf4j.LoggerFactory,org.apache.commons.logging.LogFactory,java.util.logging.Logger" />
    <option name="loggerFactoryMethodName" value="getLogger,getLogger,getLog,getLogger" />
  </inspection_tool>
  <inspection_tool class="MethodMayBeStatic" enabled="false" level="WEAK WARNING" enabled_by_default="false">
    <option name="m_onlyPrivateOrFinal" value="false" />
    <option name="m_ignoreEmptyMethods" value="true" />
  </inspection_tool>
  <inspection_tool class="MissingOverrideAnnotation" enabled="true" level="ERROR" enabled_by_default="true">
    <option name="ignoreObjectMethods" value="true" />
    <option name="ignoreAnonymousClassMethods" value="false" />
  </inspection_tool>
  <inspection_tool class="NonFinalUtilityClass" enabled="true" level="WARNING" enabled_by_default="true" />
  <inspection_tool class="NullableProblems" enabled="true" level="ERROR" enabled_by_default="true">
    <scope name="Tests" level="WEAK WARNING" enabled="true">
      <option name="REPORT_NULLABLE_METHOD_OVERRIDES_NOTNULL" value="true" />
      <option name="REPORT_NOT_ANNOTATED_METHOD_OVERRIDES_NOTNULL" value="false" />
      <option name="REPORT_NOTNULL_PARAMETER_OVERRIDES_NULLABLE" value="true" />
      <option name="REPORT_NOT_ANNOTATED_PARAMETER_OVERRIDES_NOTNULL" value="true" />
      <option name="REPORT_NOT_ANNOTATED_GETTER" value="true" />
      <option name="REPORT_NOT_ANNOTATED_SETTER_PARAMETER" value="true" />
      <option name="REPORT_ANNOTATION_NOT_PROPAGATED_TO_OVERRIDERS" value="false" />
      <option name="REPORT_NULLS_PASSED_TO_NON_ANNOTATED_METHOD" value="true" />
    </scope>
    <option name="REPORT_NULLABLE_METHOD_OVERRIDES_NOTNULL" value="true" />
    <option name="REPORT_NOT_ANNOTATED_METHOD_OVERRIDES_NOTNULL" value="true" />
    <option name="REPORT_NOTNULL_PARAMETER_OVERRIDES_NULLABLE" value="true" />
    <option name="REPORT_NOT_ANNOTATED_PARAMETER_OVERRIDES_NOTNULL" value="true" />
    <option name="REPORT_NOT_ANNOTATED_GETTER" value="true" />
    <option name="REPORT_NOT_ANNOTATED_SETTER_PARAMETER" value="true" />
    <option name="REPORT_ANNOTATION_NOT_PROPAGATED_TO_OVERRIDERS" value="true" />
    <option name="REPORT_NULLS_PASSED_TO_NON_ANNOTATED_METHOD" value="true" />
  </inspection_tool>
  <inspection_tool class="OptionalContainsCollection" enabled="true" level="WARNING" enabled_by_default="true" />
  <inspection_tool class="OverridableMethodCallDuringObjectConstruction" enabled="true" level="WEAK WARNING" enabled_by_default="true" />
  <inspection_tool class="ProblematicVarargsMethodOverride" enabled="true" level="WARNING" enabled_by_default="true" />
  <inspection_tool class="RawUseOfParameterizedType" enabled="true" level="ERROR" enabled_by_default="true" />
  <inspection_tool class="StaticCallOnSubclass" enabled="true" level="ERROR" enabled_by_default="true" />
  <inspection_tool class="StaticFieldReferenceOnSubclass" enabled="true" level="ERROR" enabled_by_default="true" />
  <inspection_tool class="SystemOutErr" enabled="true" level="WARNING" enabled_by_default="true" />
  <inspection_tool class="UNCHECKED_WARNING" enabled="true" level="ERROR" enabled_by_default="true">
    <scope name="Tests" level="ERROR" enabled="true">
      <option name="IGNORE_UNCHECKED_ASSIGNMENT" value="false" />
      <option name="IGNORE_UNCHECKED_GENERICS_ARRAY_CREATION" value="true" />
      <option name="IGNORE_UNCHECKED_CALL" value="false" />
      <option name="IGNORE_UNCHECKED_CAST" value="false" />
      <option name="IGNORE_UNCHECKED_OVERRIDING" value="false" />
    </scope>
    <scope name="Production" level="ERROR" enabled="true" />
  </inspection_tool>
  <inspection_tool class="UnnecessaryJavaDocLink" enabled="true" level="WARNING" enabled_by_default="true">
    <option name="ignoreInlineLinkToSuper" value="false" />
  </inspection_tool>
  <inspection_tool class="UtilityClassWithPublicConstructor" enabled="true" level="WARNING" enabled_by_default="true" />
  <inspection_tool class="UtilityClassWithoutPrivateConstructor" enabled="true" level="WARNING" enabled_by_default="true">
    <option name="ignorableAnnotations">
      <value />
    </option>
    <option name="ignoreClassesWithOnlyMain" value="false" />
  </inspection_tool>
</inspections>