<application>
  <component name="ProjectJdkTable">
    <jdk version="2">
      <name value="11" />
      <type value="JavaSDK" />
      <version value="version 11.0.11" />
      <homePath value="/usr/lib/jvm/java-11-openjdk-amd64" />
      <roots>
        <annotationsPath>
          <root type="composite">
            <root url="jar://$APPLICATION_HOME_DIR$/plugins/java/lib/jdkAnnotations.jar!/" type="simple" />
          </root>
        </annotationsPath>
        <classPath>
          <root type="composite">
            <root url="jrt:///usr/lib/jvm/java-11-openjdk-amd64!/java.base" type="simple" />
            <root url="jrt:///usr/lib/jvm/java-11-openjdk-amd64!/java.compiler" type="simple" />
            <root url="jrt:///usr/lib/jvm/java-11-openjdk-amd64!/java.datatransfer" type="simple" />
            <root url="jrt:///usr/lib/jvm/java-11-openjdk-amd64!/java.desktop" type="simple" />
            <root url="jrt:///usr/lib/jvm/java-11-openjdk-amd64!/java.instrument" type="simple" />
            <root url="jrt:///usr/lib/jvm/java-11-openjdk-amd64!/java.logging" type="simple" />
            <root url="jrt:///usr/lib/jvm/java-11-openjdk-amd64!/java.management" type="simple" />
            <root url="jrt:///usr/lib/jvm/java-11-openjdk-amd64!/java.management.rmi" type="simple" />
            <root url="jrt:///usr/lib/jvm/java-11-openjdk-amd64!/java.naming" type="simple" />
            <root url="jrt:///usr/lib/jvm/java-11-openjdk-amd64!/java.net.http" type="simple" />
            <root url="jrt:///usr/lib/jvm/java-11-openjdk-amd64!/java.prefs" type="simple" />
            <root url="jrt:///usr/lib/jvm/java-11-openjdk-amd64!/java.rmi" type="simple" />
            <root url="jrt:///usr/lib/jvm/java-11-openjdk-amd64!/java.scripting" type="simple" />
            <root url="jrt:///usr/lib/jvm/java-11-openjdk-amd64!/java.se" type="simple" />
            <root url="jrt:///usr/lib/jvm/java-11-openjdk-amd64!/java.security.jgss" type="simple" />
            <root url="jrt:///usr/lib/jvm/java-11-openjdk-amd64!/java.security.sasl" type="simple" />
            <root url="jrt:///usr/lib/jvm/java-11-openjdk-amd64!/java.smartcardio" type="simple" />
            <root url="jrt:///usr/lib/jvm/java-11-openjdk-amd64!/java.sql" type="simple" />
            <root url="jrt:///usr/lib/jvm/java-11-openjdk-amd64!/java.sql.rowset" type="simple" />
            <root url="jrt:///usr/lib/jvm/java-11-openjdk-amd64!/java.transaction.xa" type="simple" />
            <root url="jrt:///usr/lib/jvm/java-11-openjdk-amd64!/java.xml" type="simple" />
            <root url="jrt:///usr/lib/jvm/java-11-openjdk-amd64!/java.xml.crypto" type="simple" />
            <root url="jrt:///usr/lib/jvm/java-11-openjdk-amd64!/jdk.accessibility" type="simple" />
            <root url="jrt:///usr/lib/jvm/java-11-openjdk-amd64!/jdk.aot" type="simple" />
            <root url="jrt:///usr/lib/jvm/java-11-openjdk-amd64!/jdk.attach" type="simple" />
            <root url="jrt:///usr/lib/jvm/java-11-openjdk-amd64!/jdk.charsets" type="simple" />
            <root url="jrt:///usr/lib/jvm/java-11-openjdk-amd64!/jdk.compiler" type="simple" />
            <root url="jrt:///usr/lib/jvm/java-11-openjdk-amd64!/jdk.crypto.cryptoki" type="simple" />
            <root url="jrt:///usr/lib/jvm/java-11-openjdk-amd64!/jdk.crypto.ec" type="simple" />
            <root url="jrt:///usr/lib/jvm/java-11-openjdk-amd64!/jdk.dynalink" type="simple" />
            <root url="jrt:///usr/lib/jvm/java-11-openjdk-amd64!/jdk.editpad" type="simple" />
            <root url="jrt:///usr/lib/jvm/java-11-openjdk-amd64!/jdk.hotspot.agent" type="simple" />
            <root url="jrt:///usr/lib/jvm/java-11-openjdk-amd64!/jdk.httpserver" type="simple" />
            <root url="jrt:///usr/lib/jvm/java-11-openjdk-amd64!/jdk.internal.ed" type="simple" />
            <root url="jrt:///usr/lib/jvm/java-11-openjdk-amd64!/jdk.internal.jvmstat" type="simple" />
            <root url="jrt:///usr/lib/jvm/java-11-openjdk-amd64!/jdk.internal.le" type="simple" />
            <root url="jrt:///usr/lib/jvm/java-11-openjdk-amd64!/jdk.internal.opt" type="simple" />
            <root url="jrt:///usr/lib/jvm/java-11-openjdk-amd64!/jdk.internal.vm.ci" type="simple" />
            <root url="jrt:///usr/lib/jvm/java-11-openjdk-amd64!/jdk.internal.vm.compiler" type="simple" />
            <root url="jrt:///usr/lib/jvm/java-11-openjdk-amd64!/jdk.internal.vm.compiler.management" type="simple" />
            <root url="jrt:///usr/lib/jvm/java-11-openjdk-amd64!/jdk.jartool" type="simple" />
            <root url="jrt:///usr/lib/jvm/java-11-openjdk-amd64!/jdk.javadoc" type="simple" />
            <root url="jrt:///usr/lib/jvm/java-11-openjdk-amd64!/jdk.jcmd" type="simple" />
            <root url="jrt:///usr/lib/jvm/java-11-openjdk-amd64!/jdk.jconsole" type="simple" />
            <root url="jrt:///usr/lib/jvm/java-11-openjdk-amd64!/jdk.jdeps" type="simple" />
            <root url="jrt:///usr/lib/jvm/java-11-openjdk-amd64!/jdk.jdi" type="simple" />
            <root url="jrt:///usr/lib/jvm/java-11-openjdk-amd64!/jdk.jdwp.agent" type="simple" />
            <root url="jrt:///usr/lib/jvm/java-11-openjdk-amd64!/jdk.jfr" type="simple" />
            <root url="jrt:///usr/lib/jvm/java-11-openjdk-amd64!/jdk.jlink" type="simple" />
            <root url="jrt:///usr/lib/jvm/java-11-openjdk-amd64!/jdk.jshell" type="simple" />
            <root url="jrt:///usr/lib/jvm/java-11-openjdk-amd64!/jdk.jsobject" type="simple" />
            <root url="jrt:///usr/lib/jvm/java-11-openjdk-amd64!/jdk.jstatd" type="simple" />
            <root url="jrt:///usr/lib/jvm/java-11-openjdk-amd64!/jdk.localedata" type="simple" />
            <root url="jrt:///usr/lib/jvm/java-11-openjdk-amd64!/jdk.management" type="simple" />
            <root url="jrt:///usr/lib/jvm/java-11-openjdk-amd64!/jdk.management.agent" type="simple" />
            <root url="jrt:///usr/lib/jvm/java-11-openjdk-amd64!/jdk.management.jfr" type="simple" />
            <root url="jrt:///usr/lib/jvm/java-11-openjdk-amd64!/jdk.naming.dns" type="simple" />
            <root url="jrt:///usr/lib/jvm/java-11-openjdk-amd64!/jdk.naming.ldap" type="simple" />
            <root url="jrt:///usr/lib/jvm/java-11-openjdk-amd64!/jdk.naming.rmi" type="simple" />
            <root url="jrt:///usr/lib/jvm/java-11-openjdk-amd64!/jdk.net" type="simple" />
            <root url="jrt:///usr/lib/jvm/java-11-openjdk-amd64!/jdk.pack" type="simple" />
            <root url="jrt:///usr/lib/jvm/java-11-openjdk-amd64!/jdk.rmic" type="simple" />
            <root url="jrt:///usr/lib/jvm/java-11-openjdk-amd64!/jdk.scripting.nashorn" type="simple" />
            <root url="jrt:///usr/lib/jvm/java-11-openjdk-amd64!/jdk.scripting.nashorn.shell" type="simple" />
            <root url="jrt:///usr/lib/jvm/java-11-openjdk-amd64!/jdk.sctp" type="simple" />
            <root url="jrt:///usr/lib/jvm/java-11-openjdk-amd64!/jdk.security.auth" type="simple" />
            <root url="jrt:///usr/lib/jvm/java-11-openjdk-amd64!/jdk.security.jgss" type="simple" />
            <root url="jrt:///usr/lib/jvm/java-11-openjdk-amd64!/jdk.unsupported" type="simple" />
            <root url="jrt:///usr/lib/jvm/java-11-openjdk-amd64!/jdk.unsupported.desktop" type="simple" />
            <root url="jrt:///usr/lib/jvm/java-11-openjdk-amd64!/jdk.xml.dom" type="simple" />
            <root url="jrt:///usr/lib/jvm/java-11-openjdk-amd64!/jdk.zipfs" type="simple" />
          </root>
        </classPath>
        <javadocPath>
          <root type="composite" />
        </javadocPath>
        <sourcePath>
          <root type="composite" />
        </sourcePath>
      </roots>
      <additional />
    </jdk>
    <jdk version="2">
      <name value="11 (2)" />
      <type value="JavaSDK" />
      <version value="java version &quot;11.0.8&quot;" />
      <homePath value="$USER_HOME$/dev/studio-master-dev/prebuilts/studio/jdk/jdk11/linux" />
      <roots>
        <annotationsPath>
          <root type="composite">
            <root url="jar://$APPLICATION_HOME_DIR$/plugins/java/lib/jdkAnnotations.jar!/" type="simple" />
          </root>
        </annotationsPath>
        <classPath>
          <root type="composite">
            <root url="jrt:///usr/local/google/home/tgeng/dev/studio-master-dev/prebuilts/studio/jdk/jdk11/linux!/java.base" type="simple" />
            <root url="jrt:///usr/local/google/home/tgeng/dev/studio-master-dev/prebuilts/studio/jdk/jdk11/linux!/java.compiler" type="simple" />
            <root url="jrt:///usr/local/google/home/tgeng/dev/studio-master-dev/prebuilts/studio/jdk/jdk11/linux!/java.datatransfer" type="simple" />
            <root url="jrt:///usr/local/google/home/tgeng/dev/studio-master-dev/prebuilts/studio/jdk/jdk11/linux!/java.desktop" type="simple" />
            <root url="jrt:///usr/local/google/home/tgeng/dev/studio-master-dev/prebuilts/studio/jdk/jdk11/linux!/java.instrument" type="simple" />
            <root url="jrt:///usr/local/google/home/tgeng/dev/studio-master-dev/prebuilts/studio/jdk/jdk11/linux!/java.logging" type="simple" />
            <root url="jrt:///usr/local/google/home/tgeng/dev/studio-master-dev/prebuilts/studio/jdk/jdk11/linux!/java.management" type="simple" />
            <root url="jrt:///usr/local/google/home/tgeng/dev/studio-master-dev/prebuilts/studio/jdk/jdk11/linux!/java.management.rmi" type="simple" />
            <root url="jrt:///usr/local/google/home/tgeng/dev/studio-master-dev/prebuilts/studio/jdk/jdk11/linux!/java.naming" type="simple" />
            <root url="jrt:///usr/local/google/home/tgeng/dev/studio-master-dev/prebuilts/studio/jdk/jdk11/linux!/java.net.http" type="simple" />
            <root url="jrt:///usr/local/google/home/tgeng/dev/studio-master-dev/prebuilts/studio/jdk/jdk11/linux!/java.prefs" type="simple" />
            <root url="jrt:///usr/local/google/home/tgeng/dev/studio-master-dev/prebuilts/studio/jdk/jdk11/linux!/java.rmi" type="simple" />
            <root url="jrt:///usr/local/google/home/tgeng/dev/studio-master-dev/prebuilts/studio/jdk/jdk11/linux!/java.scripting" type="simple" />
            <root url="jrt:///usr/local/google/home/tgeng/dev/studio-master-dev/prebuilts/studio/jdk/jdk11/linux!/java.se" type="simple" />
            <root url="jrt:///usr/local/google/home/tgeng/dev/studio-master-dev/prebuilts/studio/jdk/jdk11/linux!/java.security.jgss" type="simple" />
            <root url="jrt:///usr/local/google/home/tgeng/dev/studio-master-dev/prebuilts/studio/jdk/jdk11/linux!/java.security.sasl" type="simple" />
            <root url="jrt:///usr/local/google/home/tgeng/dev/studio-master-dev/prebuilts/studio/jdk/jdk11/linux!/java.smartcardio" type="simple" />
            <root url="jrt:///usr/local/google/home/tgeng/dev/studio-master-dev/prebuilts/studio/jdk/jdk11/linux!/java.sql" type="simple" />
            <root url="jrt:///usr/local/google/home/tgeng/dev/studio-master-dev/prebuilts/studio/jdk/jdk11/linux!/java.sql.rowset" type="simple" />
            <root url="jrt:///usr/local/google/home/tgeng/dev/studio-master-dev/prebuilts/studio/jdk/jdk11/linux!/java.transaction.xa" type="simple" />
            <root url="jrt:///usr/local/google/home/tgeng/dev/studio-master-dev/prebuilts/studio/jdk/jdk11/linux!/java.xml" type="simple" />
            <root url="jrt:///usr/local/google/home/tgeng/dev/studio-master-dev/prebuilts/studio/jdk/jdk11/linux!/java.xml.crypto" type="simple" />
            <root url="jrt:///usr/local/google/home/tgeng/dev/studio-master-dev/prebuilts/studio/jdk/jdk11/linux!/jdk.accessibility" type="simple" />
            <root url="jrt:///usr/local/google/home/tgeng/dev/studio-master-dev/prebuilts/studio/jdk/jdk11/linux!/jdk.aot" type="simple" />
            <root url="jrt:///usr/local/google/home/tgeng/dev/studio-master-dev/prebuilts/studio/jdk/jdk11/linux!/jdk.attach" type="simple" />
            <root url="jrt:///usr/local/google/home/tgeng/dev/studio-master-dev/prebuilts/studio/jdk/jdk11/linux!/jdk.charsets" type="simple" />
            <root url="jrt:///usr/local/google/home/tgeng/dev/studio-master-dev/prebuilts/studio/jdk/jdk11/linux!/jdk.compiler" type="simple" />
            <root url="jrt:///usr/local/google/home/tgeng/dev/studio-master-dev/prebuilts/studio/jdk/jdk11/linux!/jdk.crypto.cryptoki" type="simple" />
            <root url="jrt:///usr/local/google/home/tgeng/dev/studio-master-dev/prebuilts/studio/jdk/jdk11/linux!/jdk.crypto.ec" type="simple" />
            <root url="jrt:///usr/local/google/home/tgeng/dev/studio-master-dev/prebuilts/studio/jdk/jdk11/linux!/jdk.dynalink" type="simple" />
            <root url="jrt:///usr/local/google/home/tgeng/dev/studio-master-dev/prebuilts/studio/jdk/jdk11/linux!/jdk.editpad" type="simple" />
            <root url="jrt:///usr/local/google/home/tgeng/dev/studio-master-dev/prebuilts/studio/jdk/jdk11/linux!/jdk.hotspot.agent" type="simple" />
            <root url="jrt:///usr/local/google/home/tgeng/dev/studio-master-dev/prebuilts/studio/jdk/jdk11/linux!/jdk.httpserver" type="simple" />
            <root url="jrt:///usr/local/google/home/tgeng/dev/studio-master-dev/prebuilts/studio/jdk/jdk11/linux!/jdk.internal.ed" type="simple" />
            <root url="jrt:///usr/local/google/home/tgeng/dev/studio-master-dev/prebuilts/studio/jdk/jdk11/linux!/jdk.internal.jvmstat" type="simple" />
            <root url="jrt:///usr/local/google/home/tgeng/dev/studio-master-dev/prebuilts/studio/jdk/jdk11/linux!/jdk.internal.le" type="simple" />
            <root url="jrt:///usr/local/google/home/tgeng/dev/studio-master-dev/prebuilts/studio/jdk/jdk11/linux!/jdk.internal.opt" type="simple" />
            <root url="jrt:///usr/local/google/home/tgeng/dev/studio-master-dev/prebuilts/studio/jdk/jdk11/linux!/jdk.internal.vm.ci" type="simple" />
            <root url="jrt:///usr/local/google/home/tgeng/dev/studio-master-dev/prebuilts/studio/jdk/jdk11/linux!/jdk.internal.vm.compiler" type="simple" />
            <root url="jrt:///usr/local/google/home/tgeng/dev/studio-master-dev/prebuilts/studio/jdk/jdk11/linux!/jdk.internal.vm.compiler.management" type="simple" />
            <root url="jrt:///usr/local/google/home/tgeng/dev/studio-master-dev/prebuilts/studio/jdk/jdk11/linux!/jdk.jartool" type="simple" />
            <root url="jrt:///usr/local/google/home/tgeng/dev/studio-master-dev/prebuilts/studio/jdk/jdk11/linux!/jdk.javadoc" type="simple" />
            <root url="jrt:///usr/local/google/home/tgeng/dev/studio-master-dev/prebuilts/studio/jdk/jdk11/linux!/jdk.jcmd" type="simple" />
            <root url="jrt:///usr/local/google/home/tgeng/dev/studio-master-dev/prebuilts/studio/jdk/jdk11/linux!/jdk.jconsole" type="simple" />
            <root url="jrt:///usr/local/google/home/tgeng/dev/studio-master-dev/prebuilts/studio/jdk/jdk11/linux!/jdk.jdeps" type="simple" />
            <root url="jrt:///usr/local/google/home/tgeng/dev/studio-master-dev/prebuilts/studio/jdk/jdk11/linux!/jdk.jdi" type="simple" />
            <root url="jrt:///usr/local/google/home/tgeng/dev/studio-master-dev/prebuilts/studio/jdk/jdk11/linux!/jdk.jdwp.agent" type="simple" />
            <root url="jrt:///usr/local/google/home/tgeng/dev/studio-master-dev/prebuilts/studio/jdk/jdk11/linux!/jdk.jfr" type="simple" />
            <root url="jrt:///usr/local/google/home/tgeng/dev/studio-master-dev/prebuilts/studio/jdk/jdk11/linux!/jdk.jlink" type="simple" />
            <root url="jrt:///usr/local/google/home/tgeng/dev/studio-master-dev/prebuilts/studio/jdk/jdk11/linux!/jdk.jshell" type="simple" />
            <root url="jrt:///usr/local/google/home/tgeng/dev/studio-master-dev/prebuilts/studio/jdk/jdk11/linux!/jdk.jsobject" type="simple" />
            <root url="jrt:///usr/local/google/home/tgeng/dev/studio-master-dev/prebuilts/studio/jdk/jdk11/linux!/jdk.jstatd" type="simple" />
            <root url="jrt:///usr/local/google/home/tgeng/dev/studio-master-dev/prebuilts/studio/jdk/jdk11/linux!/jdk.localedata" type="simple" />
            <root url="jrt:///usr/local/google/home/tgeng/dev/studio-master-dev/prebuilts/studio/jdk/jdk11/linux!/jdk.management" type="simple" />
            <root url="jrt:///usr/local/google/home/tgeng/dev/studio-master-dev/prebuilts/studio/jdk/jdk11/linux!/jdk.management.agent" type="simple" />
            <root url="jrt:///usr/local/google/home/tgeng/dev/studio-master-dev/prebuilts/studio/jdk/jdk11/linux!/jdk.management.jfr" type="simple" />
            <root url="jrt:///usr/local/google/home/tgeng/dev/studio-master-dev/prebuilts/studio/jdk/jdk11/linux!/jdk.naming.dns" type="simple" />
            <root url="jrt:///usr/local/google/home/tgeng/dev/studio-master-dev/prebuilts/studio/jdk/jdk11/linux!/jdk.naming.ldap" type="simple" />
            <root url="jrt:///usr/local/google/home/tgeng/dev/studio-master-dev/prebuilts/studio/jdk/jdk11/linux!/jdk.naming.rmi" type="simple" />
            <root url="jrt:///usr/local/google/home/tgeng/dev/studio-master-dev/prebuilts/studio/jdk/jdk11/linux!/jdk.net" type="simple" />
            <root url="jrt:///usr/local/google/home/tgeng/dev/studio-master-dev/prebuilts/studio/jdk/jdk11/linux!/jdk.pack" type="simple" />
            <root url="jrt:///usr/local/google/home/tgeng/dev/studio-master-dev/prebuilts/studio/jdk/jdk11/linux!/jdk.rmic" type="simple" />
            <root url="jrt:///usr/local/google/home/tgeng/dev/studio-master-dev/prebuilts/studio/jdk/jdk11/linux!/jdk.scripting.nashorn" type="simple" />
            <root url="jrt:///usr/local/google/home/tgeng/dev/studio-master-dev/prebuilts/studio/jdk/jdk11/linux!/jdk.scripting.nashorn.shell" type="simple" />
            <root url="jrt:///usr/local/google/home/tgeng/dev/studio-master-dev/prebuilts/studio/jdk/jdk11/linux!/jdk.sctp" type="simple" />
            <root url="jrt:///usr/local/google/home/tgeng/dev/studio-master-dev/prebuilts/studio/jdk/jdk11/linux!/jdk.security.auth" type="simple" />
            <root url="jrt:///usr/local/google/home/tgeng/dev/studio-master-dev/prebuilts/studio/jdk/jdk11/linux!/jdk.security.jgss" type="simple" />
            <root url="jrt:///usr/local/google/home/tgeng/dev/studio-master-dev/prebuilts/studio/jdk/jdk11/linux!/jdk.unsupported" type="simple" />
            <root url="jrt:///usr/local/google/home/tgeng/dev/studio-master-dev/prebuilts/studio/jdk/jdk11/linux!/jdk.unsupported.desktop" type="simple" />
            <root url="jrt:///usr/local/google/home/tgeng/dev/studio-master-dev/prebuilts/studio/jdk/jdk11/linux!/jdk.xml.dom" type="simple" />
            <root url="jrt:///usr/local/google/home/tgeng/dev/studio-master-dev/prebuilts/studio/jdk/jdk11/linux!/jdk.zipfs" type="simple" />
          </root>
        </classPath>
        <javadocPath>
          <root type="composite" />
        </javadocPath>
        <sourcePath>
          <root type="composite">
            <root url="jar://$USER_HOME$/dev/studio-master-dev/prebuilts/studio/jdk/jdk11/linux/lib/src.zip!/java.se" type="simple" />
            <root url="jar://$USER_HOME$/dev/studio-master-dev/prebuilts/studio/jdk/jdk11/linux/lib/src.zip!/jdk.aot" type="simple" />
            <root url="jar://$USER_HOME$/dev/studio-master-dev/prebuilts/studio/jdk/jdk11/linux/lib/src.zip!/jdk.jdi" type="simple" />
            <root url="jar://$USER_HOME$/dev/studio-master-dev/prebuilts/studio/jdk/jdk11/linux/lib/src.zip!/jdk.jfr" type="simple" />
            <root url="jar://$USER_HOME$/dev/studio-master-dev/prebuilts/studio/jdk/jdk11/linux/lib/src.zip!/jdk.net" type="simple" />
            <root url="jar://$USER_HOME$/dev/studio-master-dev/prebuilts/studio/jdk/jdk11/linux/lib/src.zip!/java.rmi" type="simple" />
            <root url="jar://$USER_HOME$/dev/studio-master-dev/prebuilts/studio/jdk/jdk11/linux/lib/src.zip!/java.sql" type="simple" />
            <root url="jar://$USER_HOME$/dev/studio-master-dev/prebuilts/studio/jdk/jdk11/linux/lib/src.zip!/java.xml" type="simple" />
            <root url="jar://$USER_HOME$/dev/studio-master-dev/prebuilts/studio/jdk/jdk11/linux/lib/src.zip!/jdk.jcmd" type="simple" />
            <root url="jar://$USER_HOME$/dev/studio-master-dev/prebuilts/studio/jdk/jdk11/linux/lib/src.zip!/jdk.pack" type="simple" />
            <root url="jar://$USER_HOME$/dev/studio-master-dev/prebuilts/studio/jdk/jdk11/linux/lib/src.zip!/jdk.rmic" type="simple" />
            <root url="jar://$USER_HOME$/dev/studio-master-dev/prebuilts/studio/jdk/jdk11/linux/lib/src.zip!/jdk.sctp" type="simple" />
            <root url="jar://$USER_HOME$/dev/studio-master-dev/prebuilts/studio/jdk/jdk11/linux/lib/src.zip!/java.base" type="simple" />
            <root url="jar://$USER_HOME$/dev/studio-master-dev/prebuilts/studio/jdk/jdk11/linux/lib/src.zip!/jdk.jdeps" type="simple" />
            <root url="jar://$USER_HOME$/dev/studio-master-dev/prebuilts/studio/jdk/jdk11/linux/lib/src.zip!/jdk.jlink" type="simple" />
            <root url="jar://$USER_HOME$/dev/studio-master-dev/prebuilts/studio/jdk/jdk11/linux/lib/src.zip!/jdk.zipfs" type="simple" />
            <root url="jar://$USER_HOME$/dev/studio-master-dev/prebuilts/studio/jdk/jdk11/linux/lib/src.zip!/java.prefs" type="simple" />
            <root url="jar://$USER_HOME$/dev/studio-master-dev/prebuilts/studio/jdk/jdk11/linux/lib/src.zip!/jdk.attach" type="simple" />
            <root url="jar://$USER_HOME$/dev/studio-master-dev/prebuilts/studio/jdk/jdk11/linux/lib/src.zip!/jdk.jshell" type="simple" />
            <root url="jar://$USER_HOME$/dev/studio-master-dev/prebuilts/studio/jdk/jdk11/linux/lib/src.zip!/jdk.jstatd" type="simple" />
            <root url="jar://$USER_HOME$/dev/studio-master-dev/prebuilts/studio/jdk/jdk11/linux/lib/src.zip!/java.naming" type="simple" />
            <root url="jar://$USER_HOME$/dev/studio-master-dev/prebuilts/studio/jdk/jdk11/linux/lib/src.zip!/jdk.editpad" type="simple" />
            <root url="jar://$USER_HOME$/dev/studio-master-dev/prebuilts/studio/jdk/jdk11/linux/lib/src.zip!/jdk.jartool" type="simple" />
            <root url="jar://$USER_HOME$/dev/studio-master-dev/prebuilts/studio/jdk/jdk11/linux/lib/src.zip!/jdk.javadoc" type="simple" />
            <root url="jar://$USER_HOME$/dev/studio-master-dev/prebuilts/studio/jdk/jdk11/linux/lib/src.zip!/jdk.xml.dom" type="simple" />
            <root url="jar://$USER_HOME$/dev/studio-master-dev/prebuilts/studio/jdk/jdk11/linux/lib/src.zip!/java.desktop" type="simple" />
            <root url="jar://$USER_HOME$/dev/studio-master-dev/prebuilts/studio/jdk/jdk11/linux/lib/src.zip!/java.logging" type="simple" />
            <root url="jar://$USER_HOME$/dev/studio-master-dev/prebuilts/studio/jdk/jdk11/linux/lib/src.zip!/jdk.charsets" type="simple" />
            <root url="jar://$USER_HOME$/dev/studio-master-dev/prebuilts/studio/jdk/jdk11/linux/lib/src.zip!/jdk.compiler" type="simple" />
            <root url="jar://$USER_HOME$/dev/studio-master-dev/prebuilts/studio/jdk/jdk11/linux/lib/src.zip!/jdk.dynalink" type="simple" />
            <root url="jar://$USER_HOME$/dev/studio-master-dev/prebuilts/studio/jdk/jdk11/linux/lib/src.zip!/jdk.jconsole" type="simple" />
            <root url="jar://$USER_HOME$/dev/studio-master-dev/prebuilts/studio/jdk/jdk11/linux/lib/src.zip!/jdk.jsobject" type="simple" />
            <root url="jar://$USER_HOME$/dev/studio-master-dev/prebuilts/studio/jdk/jdk11/linux/lib/src.zip!/java.compiler" type="simple" />
            <root url="jar://$USER_HOME$/dev/studio-master-dev/prebuilts/studio/jdk/jdk11/linux/lib/src.zip!/java.net.http" type="simple" />
            <root url="jar://$USER_HOME$/dev/studio-master-dev/prebuilts/studio/jdk/jdk11/linux/lib/src.zip!/jdk.crypto.ec" type="simple" />
            <root url="jar://$USER_HOME$/dev/studio-master-dev/prebuilts/studio/jdk/jdk11/linux/lib/src.zip!/java.scripting" type="simple" />
            <root url="jar://$USER_HOME$/dev/studio-master-dev/prebuilts/studio/jdk/jdk11/linux/lib/src.zip!/jdk.httpserver" type="simple" />
            <root url="jar://$USER_HOME$/dev/studio-master-dev/prebuilts/studio/jdk/jdk11/linux/lib/src.zip!/jdk.jdwp.agent" type="simple" />
            <root url="jar://$USER_HOME$/dev/studio-master-dev/prebuilts/studio/jdk/jdk11/linux/lib/src.zip!/jdk.localedata" type="simple" />
            <root url="jar://$USER_HOME$/dev/studio-master-dev/prebuilts/studio/jdk/jdk11/linux/lib/src.zip!/jdk.management" type="simple" />
            <root url="jar://$USER_HOME$/dev/studio-master-dev/prebuilts/studio/jdk/jdk11/linux/lib/src.zip!/jdk.naming.dns" type="simple" />
            <root url="jar://$USER_HOME$/dev/studio-master-dev/prebuilts/studio/jdk/jdk11/linux/lib/src.zip!/jdk.naming.rmi" type="simple" />
            <root url="jar://$USER_HOME$/dev/studio-master-dev/prebuilts/studio/jdk/jdk11/linux/lib/src.zip!/java.instrument" type="simple" />
            <root url="jar://$USER_HOME$/dev/studio-master-dev/prebuilts/studio/jdk/jdk11/linux/lib/src.zip!/java.management" type="simple" />
            <root url="jar://$USER_HOME$/dev/studio-master-dev/prebuilts/studio/jdk/jdk11/linux/lib/src.zip!/java.sql.rowset" type="simple" />
            <root url="jar://$USER_HOME$/dev/studio-master-dev/prebuilts/studio/jdk/jdk11/linux/lib/src.zip!/java.xml.crypto" type="simple" />
            <root url="jar://$USER_HOME$/dev/studio-master-dev/prebuilts/studio/jdk/jdk11/linux/lib/src.zip!/jdk.internal.ed" type="simple" />
            <root url="jar://$USER_HOME$/dev/studio-master-dev/prebuilts/studio/jdk/jdk11/linux/lib/src.zip!/jdk.internal.le" type="simple" />
            <root url="jar://$USER_HOME$/dev/studio-master-dev/prebuilts/studio/jdk/jdk11/linux/lib/src.zip!/jdk.unsupported" type="simple" />
            <root url="jar://$USER_HOME$/dev/studio-master-dev/prebuilts/studio/jdk/jdk11/linux/lib/src.zip!/java.smartcardio" type="simple" />
            <root url="jar://$USER_HOME$/dev/studio-master-dev/prebuilts/studio/jdk/jdk11/linux/lib/src.zip!/jdk.internal.opt" type="simple" />
            <root url="jar://$USER_HOME$/dev/studio-master-dev/prebuilts/studio/jdk/jdk11/linux/lib/src.zip!/java.datatransfer" type="simple" />
            <root url="jar://$USER_HOME$/dev/studio-master-dev/prebuilts/studio/jdk/jdk11/linux/lib/src.zip!/jdk.accessibility" type="simple" />
            <root url="jar://$USER_HOME$/dev/studio-master-dev/prebuilts/studio/jdk/jdk11/linux/lib/src.zip!/jdk.hotspot.agent" type="simple" />
            <root url="jar://$USER_HOME$/dev/studio-master-dev/prebuilts/studio/jdk/jdk11/linux/lib/src.zip!/jdk.security.auth" type="simple" />
            <root url="jar://$USER_HOME$/dev/studio-master-dev/prebuilts/studio/jdk/jdk11/linux/lib/src.zip!/jdk.security.jgss" type="simple" />
            <root url="jar://$USER_HOME$/dev/studio-master-dev/prebuilts/studio/jdk/jdk11/linux/lib/src.zip!/java.security.jgss" type="simple" />
            <root url="jar://$USER_HOME$/dev/studio-master-dev/prebuilts/studio/jdk/jdk11/linux/lib/src.zip!/java.security.sasl" type="simple" />
            <root url="jar://$USER_HOME$/dev/studio-master-dev/prebuilts/studio/jdk/jdk11/linux/lib/src.zip!/jdk.internal.vm.ci" type="simple" />
            <root url="jar://$USER_HOME$/dev/studio-master-dev/prebuilts/studio/jdk/jdk11/linux/lib/src.zip!/jdk.management.jfr" type="simple" />
            <root url="jar://$USER_HOME$/dev/studio-master-dev/prebuilts/studio/jdk/jdk11/linux/lib/src.zip!/java.management.rmi" type="simple" />
            <root url="jar://$USER_HOME$/dev/studio-master-dev/prebuilts/studio/jdk/jdk11/linux/lib/src.zip!/java.transaction.xa" type="simple" />
            <root url="jar://$USER_HOME$/dev/studio-master-dev/prebuilts/studio/jdk/jdk11/linux/lib/src.zip!/jdk.crypto.cryptoki" type="simple" />
            <root url="jar://$USER_HOME$/dev/studio-master-dev/prebuilts/studio/jdk/jdk11/linux/lib/src.zip!/jdk.internal.jvmstat" type="simple" />
            <root url="jar://$USER_HOME$/dev/studio-master-dev/prebuilts/studio/jdk/jdk11/linux/lib/src.zip!/jdk.management.agent" type="simple" />
            <root url="jar://$USER_HOME$/dev/studio-master-dev/prebuilts/studio/jdk/jdk11/linux/lib/src.zip!/jdk.scripting.nashorn" type="simple" />
            <root url="jar://$USER_HOME$/dev/studio-master-dev/prebuilts/studio/jdk/jdk11/linux/lib/src.zip!/jdk.unsupported.desktop" type="simple" />
            <root url="jar://$USER_HOME$/dev/studio-master-dev/prebuilts/studio/jdk/jdk11/linux/lib/src.zip!/jdk.internal.vm.compiler" type="simple" />
            <root url="jar://$USER_HOME$/dev/studio-master-dev/prebuilts/studio/jdk/jdk11/linux/lib/src.zip!/jdk.scripting.nashorn.shell" type="simple" />
            <root url="jar://$USER_HOME$/dev/studio-master-dev/prebuilts/studio/jdk/jdk11/linux/lib/src.zip!/jdk.internal.vm.compiler.management" type="simple" />
            <root url="jar://$USER_HOME$/dev/studio-master-dev/prebuilts/studio/jdk/jdk11/linux/lib/src.zip!/jdk.naming.ldap" type="simple" />
          </root>
        </sourcePath>
      </roots>
      <additional />
    </jdk>
    <jdk version="2">
      <name value="11 (3)" />
      <type value="JavaSDK" />
      <version value="java version &quot;11.0.8&quot;" />
      <homePath value="$USER_HOME$/dev/studio-master-dev/prebuilts/studio/jdk/jdk11/linux" />
      <roots>
        <annotationsPath>
          <root type="composite">
            <root url="jar://$APPLICATION_HOME_DIR$/plugins/java/lib/jdkAnnotations.jar!/" type="simple" />
          </root>
        </annotationsPath>
        <classPath>
          <root type="composite">
            <root url="jrt:///usr/local/google/home/tgeng/dev/studio-master-dev/prebuilts/studio/jdk/jdk11/linux!/java.base" type="simple" />
            <root url="jrt:///usr/local/google/home/tgeng/dev/studio-master-dev/prebuilts/studio/jdk/jdk11/linux!/java.compiler" type="simple" />
            <root url="jrt:///usr/local/google/home/tgeng/dev/studio-master-dev/prebuilts/studio/jdk/jdk11/linux!/java.datatransfer" type="simple" />
            <root url="jrt:///usr/local/google/home/tgeng/dev/studio-master-dev/prebuilts/studio/jdk/jdk11/linux!/java.desktop" type="simple" />
            <root url="jrt:///usr/local/google/home/tgeng/dev/studio-master-dev/prebuilts/studio/jdk/jdk11/linux!/java.instrument" type="simple" />
            <root url="jrt:///usr/local/google/home/tgeng/dev/studio-master-dev/prebuilts/studio/jdk/jdk11/linux!/java.logging" type="simple" />
            <root url="jrt:///usr/local/google/home/tgeng/dev/studio-master-dev/prebuilts/studio/jdk/jdk11/linux!/java.management" type="simple" />
            <root url="jrt:///usr/local/google/home/tgeng/dev/studio-master-dev/prebuilts/studio/jdk/jdk11/linux!/java.management.rmi" type="simple" />
            <root url="jrt:///usr/local/google/home/tgeng/dev/studio-master-dev/prebuilts/studio/jdk/jdk11/linux!/java.naming" type="simple" />
            <root url="jrt:///usr/local/google/home/tgeng/dev/studio-master-dev/prebuilts/studio/jdk/jdk11/linux!/java.net.http" type="simple" />
            <root url="jrt:///usr/local/google/home/tgeng/dev/studio-master-dev/prebuilts/studio/jdk/jdk11/linux!/java.prefs" type="simple" />
            <root url="jrt:///usr/local/google/home/tgeng/dev/studio-master-dev/prebuilts/studio/jdk/jdk11/linux!/java.rmi" type="simple" />
            <root url="jrt:///usr/local/google/home/tgeng/dev/studio-master-dev/prebuilts/studio/jdk/jdk11/linux!/java.scripting" type="simple" />
            <root url="jrt:///usr/local/google/home/tgeng/dev/studio-master-dev/prebuilts/studio/jdk/jdk11/linux!/java.se" type="simple" />
            <root url="jrt:///usr/local/google/home/tgeng/dev/studio-master-dev/prebuilts/studio/jdk/jdk11/linux!/java.security.jgss" type="simple" />
            <root url="jrt:///usr/local/google/home/tgeng/dev/studio-master-dev/prebuilts/studio/jdk/jdk11/linux!/java.security.sasl" type="simple" />
            <root url="jrt:///usr/local/google/home/tgeng/dev/studio-master-dev/prebuilts/studio/jdk/jdk11/linux!/java.smartcardio" type="simple" />
            <root url="jrt:///usr/local/google/home/tgeng/dev/studio-master-dev/prebuilts/studio/jdk/jdk11/linux!/java.sql" type="simple" />
            <root url="jrt:///usr/local/google/home/tgeng/dev/studio-master-dev/prebuilts/studio/jdk/jdk11/linux!/java.sql.rowset" type="simple" />
            <root url="jrt:///usr/local/google/home/tgeng/dev/studio-master-dev/prebuilts/studio/jdk/jdk11/linux!/java.transaction.xa" type="simple" />
            <root url="jrt:///usr/local/google/home/tgeng/dev/studio-master-dev/prebuilts/studio/jdk/jdk11/linux!/java.xml" type="simple" />
            <root url="jrt:///usr/local/google/home/tgeng/dev/studio-master-dev/prebuilts/studio/jdk/jdk11/linux!/java.xml.crypto" type="simple" />
            <root url="jrt:///usr/local/google/home/tgeng/dev/studio-master-dev/prebuilts/studio/jdk/jdk11/linux!/jdk.accessibility" type="simple" />
            <root url="jrt:///usr/local/google/home/tgeng/dev/studio-master-dev/prebuilts/studio/jdk/jdk11/linux!/jdk.aot" type="simple" />
            <root url="jrt:///usr/local/google/home/tgeng/dev/studio-master-dev/prebuilts/studio/jdk/jdk11/linux!/jdk.attach" type="simple" />
            <root url="jrt:///usr/local/google/home/tgeng/dev/studio-master-dev/prebuilts/studio/jdk/jdk11/linux!/jdk.charsets" type="simple" />
            <root url="jrt:///usr/local/google/home/tgeng/dev/studio-master-dev/prebuilts/studio/jdk/jdk11/linux!/jdk.compiler" type="simple" />
            <root url="jrt:///usr/local/google/home/tgeng/dev/studio-master-dev/prebuilts/studio/jdk/jdk11/linux!/jdk.crypto.cryptoki" type="simple" />
            <root url="jrt:///usr/local/google/home/tgeng/dev/studio-master-dev/prebuilts/studio/jdk/jdk11/linux!/jdk.crypto.ec" type="simple" />
            <root url="jrt:///usr/local/google/home/tgeng/dev/studio-master-dev/prebuilts/studio/jdk/jdk11/linux!/jdk.dynalink" type="simple" />
            <root url="jrt:///usr/local/google/home/tgeng/dev/studio-master-dev/prebuilts/studio/jdk/jdk11/linux!/jdk.editpad" type="simple" />
            <root url="jrt:///usr/local/google/home/tgeng/dev/studio-master-dev/prebuilts/studio/jdk/jdk11/linux!/jdk.hotspot.agent" type="simple" />
            <root url="jrt:///usr/local/google/home/tgeng/dev/studio-master-dev/prebuilts/studio/jdk/jdk11/linux!/jdk.httpserver" type="simple" />
            <root url="jrt:///usr/local/google/home/tgeng/dev/studio-master-dev/prebuilts/studio/jdk/jdk11/linux!/jdk.internal.ed" type="simple" />
            <root url="jrt:///usr/local/google/home/tgeng/dev/studio-master-dev/prebuilts/studio/jdk/jdk11/linux!/jdk.internal.jvmstat" type="simple" />
            <root url="jrt:///usr/local/google/home/tgeng/dev/studio-master-dev/prebuilts/studio/jdk/jdk11/linux!/jdk.internal.le" type="simple" />
            <root url="jrt:///usr/local/google/home/tgeng/dev/studio-master-dev/prebuilts/studio/jdk/jdk11/linux!/jdk.internal.opt" type="simple" />
            <root url="jrt:///usr/local/google/home/tgeng/dev/studio-master-dev/prebuilts/studio/jdk/jdk11/linux!/jdk.internal.vm.ci" type="simple" />
            <root url="jrt:///usr/local/google/home/tgeng/dev/studio-master-dev/prebuilts/studio/jdk/jdk11/linux!/jdk.internal.vm.compiler" type="simple" />
            <root url="jrt:///usr/local/google/home/tgeng/dev/studio-master-dev/prebuilts/studio/jdk/jdk11/linux!/jdk.internal.vm.compiler.management" type="simple" />
            <root url="jrt:///usr/local/google/home/tgeng/dev/studio-master-dev/prebuilts/studio/jdk/jdk11/linux!/jdk.jartool" type="simple" />
            <root url="jrt:///usr/local/google/home/tgeng/dev/studio-master-dev/prebuilts/studio/jdk/jdk11/linux!/jdk.javadoc" type="simple" />
            <root url="jrt:///usr/local/google/home/tgeng/dev/studio-master-dev/prebuilts/studio/jdk/jdk11/linux!/jdk.jcmd" type="simple" />
            <root url="jrt:///usr/local/google/home/tgeng/dev/studio-master-dev/prebuilts/studio/jdk/jdk11/linux!/jdk.jconsole" type="simple" />
            <root url="jrt:///usr/local/google/home/tgeng/dev/studio-master-dev/prebuilts/studio/jdk/jdk11/linux!/jdk.jdeps" type="simple" />
            <root url="jrt:///usr/local/google/home/tgeng/dev/studio-master-dev/prebuilts/studio/jdk/jdk11/linux!/jdk.jdi" type="simple" />
            <root url="jrt:///usr/local/google/home/tgeng/dev/studio-master-dev/prebuilts/studio/jdk/jdk11/linux!/jdk.jdwp.agent" type="simple" />
            <root url="jrt:///usr/local/google/home/tgeng/dev/studio-master-dev/prebuilts/studio/jdk/jdk11/linux!/jdk.jfr" type="simple" />
            <root url="jrt:///usr/local/google/home/tgeng/dev/studio-master-dev/prebuilts/studio/jdk/jdk11/linux!/jdk.jlink" type="simple" />
            <root url="jrt:///usr/local/google/home/tgeng/dev/studio-master-dev/prebuilts/studio/jdk/jdk11/linux!/jdk.jshell" type="simple" />
            <root url="jrt:///usr/local/google/home/tgeng/dev/studio-master-dev/prebuilts/studio/jdk/jdk11/linux!/jdk.jsobject" type="simple" />
            <root url="jrt:///usr/local/google/home/tgeng/dev/studio-master-dev/prebuilts/studio/jdk/jdk11/linux!/jdk.jstatd" type="simple" />
            <root url="jrt:///usr/local/google/home/tgeng/dev/studio-master-dev/prebuilts/studio/jdk/jdk11/linux!/jdk.localedata" type="simple" />
            <root url="jrt:///usr/local/google/home/tgeng/dev/studio-master-dev/prebuilts/studio/jdk/jdk11/linux!/jdk.management" type="simple" />
            <root url="jrt:///usr/local/google/home/tgeng/dev/studio-master-dev/prebuilts/studio/jdk/jdk11/linux!/jdk.management.agent" type="simple" />
            <root url="jrt:///usr/local/google/home/tgeng/dev/studio-master-dev/prebuilts/studio/jdk/jdk11/linux!/jdk.management.jfr" type="simple" />
            <root url="jrt:///usr/local/google/home/tgeng/dev/studio-master-dev/prebuilts/studio/jdk/jdk11/linux!/jdk.naming.dns" type="simple" />
            <root url="jrt:///usr/local/google/home/tgeng/dev/studio-master-dev/prebuilts/studio/jdk/jdk11/linux!/jdk.naming.ldap" type="simple" />
            <root url="jrt:///usr/local/google/home/tgeng/dev/studio-master-dev/prebuilts/studio/jdk/jdk11/linux!/jdk.naming.rmi" type="simple" />
            <root url="jrt:///usr/local/google/home/tgeng/dev/studio-master-dev/prebuilts/studio/jdk/jdk11/linux!/jdk.net" type="simple" />
            <root url="jrt:///usr/local/google/home/tgeng/dev/studio-master-dev/prebuilts/studio/jdk/jdk11/linux!/jdk.pack" type="simple" />
            <root url="jrt:///usr/local/google/home/tgeng/dev/studio-master-dev/prebuilts/studio/jdk/jdk11/linux!/jdk.rmic" type="simple" />
            <root url="jrt:///usr/local/google/home/tgeng/dev/studio-master-dev/prebuilts/studio/jdk/jdk11/linux!/jdk.scripting.nashorn" type="simple" />
            <root url="jrt:///usr/local/google/home/tgeng/dev/studio-master-dev/prebuilts/studio/jdk/jdk11/linux!/jdk.scripting.nashorn.shell" type="simple" />
            <root url="jrt:///usr/local/google/home/tgeng/dev/studio-master-dev/prebuilts/studio/jdk/jdk11/linux!/jdk.sctp" type="simple" />
            <root url="jrt:///usr/local/google/home/tgeng/dev/studio-master-dev/prebuilts/studio/jdk/jdk11/linux!/jdk.security.auth" type="simple" />
            <root url="jrt:///usr/local/google/home/tgeng/dev/studio-master-dev/prebuilts/studio/jdk/jdk11/linux!/jdk.security.jgss" type="simple" />
            <root url="jrt:///usr/local/google/home/tgeng/dev/studio-master-dev/prebuilts/studio/jdk/jdk11/linux!/jdk.unsupported" type="simple" />
            <root url="jrt:///usr/local/google/home/tgeng/dev/studio-master-dev/prebuilts/studio/jdk/jdk11/linux!/jdk.unsupported.desktop" type="simple" />
            <root url="jrt:///usr/local/google/home/tgeng/dev/studio-master-dev/prebuilts/studio/jdk/jdk11/linux!/jdk.xml.dom" type="simple" />
            <root url="jrt:///usr/local/google/home/tgeng/dev/studio-master-dev/prebuilts/studio/jdk/jdk11/linux!/jdk.zipfs" type="simple" />
          </root>
        </classPath>
        <javadocPath>
          <root type="composite" />
        </javadocPath>
        <sourcePath>
          <root type="composite">
            <root url="jar://$USER_HOME$/dev/studio-master-dev/prebuilts/studio/jdk/jdk11/linux/lib/src.zip!/java.se" type="simple" />
            <root url="jar://$USER_HOME$/dev/studio-master-dev/prebuilts/studio/jdk/jdk11/linux/lib/src.zip!/jdk.aot" type="simple" />
            <root url="jar://$USER_HOME$/dev/studio-master-dev/prebuilts/studio/jdk/jdk11/linux/lib/src.zip!/jdk.jdi" type="simple" />
            <root url="jar://$USER_HOME$/dev/studio-master-dev/prebuilts/studio/jdk/jdk11/linux/lib/src.zip!/jdk.jfr" type="simple" />
            <root url="jar://$USER_HOME$/dev/studio-master-dev/prebuilts/studio/jdk/jdk11/linux/lib/src.zip!/jdk.net" type="simple" />
            <root url="jar://$USER_HOME$/dev/studio-master-dev/prebuilts/studio/jdk/jdk11/linux/lib/src.zip!/java.rmi" type="simple" />
            <root url="jar://$USER_HOME$/dev/studio-master-dev/prebuilts/studio/jdk/jdk11/linux/lib/src.zip!/java.sql" type="simple" />
            <root url="jar://$USER_HOME$/dev/studio-master-dev/prebuilts/studio/jdk/jdk11/linux/lib/src.zip!/java.xml" type="simple" />
            <root url="jar://$USER_HOME$/dev/studio-master-dev/prebuilts/studio/jdk/jdk11/linux/lib/src.zip!/jdk.jcmd" type="simple" />
            <root url="jar://$USER_HOME$/dev/studio-master-dev/prebuilts/studio/jdk/jdk11/linux/lib/src.zip!/jdk.pack" type="simple" />
            <root url="jar://$USER_HOME$/dev/studio-master-dev/prebuilts/studio/jdk/jdk11/linux/lib/src.zip!/jdk.rmic" type="simple" />
            <root url="jar://$USER_HOME$/dev/studio-master-dev/prebuilts/studio/jdk/jdk11/linux/lib/src.zip!/jdk.sctp" type="simple" />
            <root url="jar://$USER_HOME$/dev/studio-master-dev/prebuilts/studio/jdk/jdk11/linux/lib/src.zip!/java.base" type="simple" />
            <root url="jar://$USER_HOME$/dev/studio-master-dev/prebuilts/studio/jdk/jdk11/linux/lib/src.zip!/jdk.jdeps" type="simple" />
            <root url="jar://$USER_HOME$/dev/studio-master-dev/prebuilts/studio/jdk/jdk11/linux/lib/src.zip!/jdk.jlink" type="simple" />
            <root url="jar://$USER_HOME$/dev/studio-master-dev/prebuilts/studio/jdk/jdk11/linux/lib/src.zip!/jdk.zipfs" type="simple" />
            <root url="jar://$USER_HOME$/dev/studio-master-dev/prebuilts/studio/jdk/jdk11/linux/lib/src.zip!/java.prefs" type="simple" />
            <root url="jar://$USER_HOME$/dev/studio-master-dev/prebuilts/studio/jdk/jdk11/linux/lib/src.zip!/jdk.attach" type="simple" />
            <root url="jar://$USER_HOME$/dev/studio-master-dev/prebuilts/studio/jdk/jdk11/linux/lib/src.zip!/jdk.jshell" type="simple" />
            <root url="jar://$USER_HOME$/dev/studio-master-dev/prebuilts/studio/jdk/jdk11/linux/lib/src.zip!/jdk.jstatd" type="simple" />
            <root url="jar://$USER_HOME$/dev/studio-master-dev/prebuilts/studio/jdk/jdk11/linux/lib/src.zip!/java.naming" type="simple" />
            <root url="jar://$USER_HOME$/dev/studio-master-dev/prebuilts/studio/jdk/jdk11/linux/lib/src.zip!/jdk.editpad" type="simple" />
            <root url="jar://$USER_HOME$/dev/studio-master-dev/prebuilts/studio/jdk/jdk11/linux/lib/src.zip!/jdk.jartool" type="simple" />
            <root url="jar://$USER_HOME$/dev/studio-master-dev/prebuilts/studio/jdk/jdk11/linux/lib/src.zip!/jdk.javadoc" type="simple" />
            <root url="jar://$USER_HOME$/dev/studio-master-dev/prebuilts/studio/jdk/jdk11/linux/lib/src.zip!/jdk.xml.dom" type="simple" />
            <root url="jar://$USER_HOME$/dev/studio-master-dev/prebuilts/studio/jdk/jdk11/linux/lib/src.zip!/java.desktop" type="simple" />
            <root url="jar://$USER_HOME$/dev/studio-master-dev/prebuilts/studio/jdk/jdk11/linux/lib/src.zip!/java.logging" type="simple" />
            <root url="jar://$USER_HOME$/dev/studio-master-dev/prebuilts/studio/jdk/jdk11/linux/lib/src.zip!/jdk.charsets" type="simple" />
            <root url="jar://$USER_HOME$/dev/studio-master-dev/prebuilts/studio/jdk/jdk11/linux/lib/src.zip!/jdk.compiler" type="simple" />
            <root url="jar://$USER_HOME$/dev/studio-master-dev/prebuilts/studio/jdk/jdk11/linux/lib/src.zip!/jdk.dynalink" type="simple" />
            <root url="jar://$USER_HOME$/dev/studio-master-dev/prebuilts/studio/jdk/jdk11/linux/lib/src.zip!/jdk.jconsole" type="simple" />
            <root url="jar://$USER_HOME$/dev/studio-master-dev/prebuilts/studio/jdk/jdk11/linux/lib/src.zip!/jdk.jsobject" type="simple" />
            <root url="jar://$USER_HOME$/dev/studio-master-dev/prebuilts/studio/jdk/jdk11/linux/lib/src.zip!/java.compiler" type="simple" />
            <root url="jar://$USER_HOME$/dev/studio-master-dev/prebuilts/studio/jdk/jdk11/linux/lib/src.zip!/java.net.http" type="simple" />
            <root url="jar://$USER_HOME$/dev/studio-master-dev/prebuilts/studio/jdk/jdk11/linux/lib/src.zip!/jdk.crypto.ec" type="simple" />
            <root url="jar://$USER_HOME$/dev/studio-master-dev/prebuilts/studio/jdk/jdk11/linux/lib/src.zip!/java.scripting" type="simple" />
            <root url="jar://$USER_HOME$/dev/studio-master-dev/prebuilts/studio/jdk/jdk11/linux/lib/src.zip!/jdk.httpserver" type="simple" />
            <root url="jar://$USER_HOME$/dev/studio-master-dev/prebuilts/studio/jdk/jdk11/linux/lib/src.zip!/jdk.jdwp.agent" type="simple" />
            <root url="jar://$USER_HOME$/dev/studio-master-dev/prebuilts/studio/jdk/jdk11/linux/lib/src.zip!/jdk.localedata" type="simple" />
            <root url="jar://$USER_HOME$/dev/studio-master-dev/prebuilts/studio/jdk/jdk11/linux/lib/src.zip!/jdk.management" type="simple" />
            <root url="jar://$USER_HOME$/dev/studio-master-dev/prebuilts/studio/jdk/jdk11/linux/lib/src.zip!/jdk.naming.dns" type="simple" />
            <root url="jar://$USER_HOME$/dev/studio-master-dev/prebuilts/studio/jdk/jdk11/linux/lib/src.zip!/jdk.naming.rmi" type="simple" />
            <root url="jar://$USER_HOME$/dev/studio-master-dev/prebuilts/studio/jdk/jdk11/linux/lib/src.zip!/java.instrument" type="simple" />
            <root url="jar://$USER_HOME$/dev/studio-master-dev/prebuilts/studio/jdk/jdk11/linux/lib/src.zip!/java.management" type="simple" />
            <root url="jar://$USER_HOME$/dev/studio-master-dev/prebuilts/studio/jdk/jdk11/linux/lib/src.zip!/java.sql.rowset" type="simple" />
            <root url="jar://$USER_HOME$/dev/studio-master-dev/prebuilts/studio/jdk/jdk11/linux/lib/src.zip!/java.xml.crypto" type="simple" />
            <root url="jar://$USER_HOME$/dev/studio-master-dev/prebuilts/studio/jdk/jdk11/linux/lib/src.zip!/jdk.internal.ed" type="simple" />
            <root url="jar://$USER_HOME$/dev/studio-master-dev/prebuilts/studio/jdk/jdk11/linux/lib/src.zip!/jdk.internal.le" type="simple" />
            <root url="jar://$USER_HOME$/dev/studio-master-dev/prebuilts/studio/jdk/jdk11/linux/lib/src.zip!/jdk.unsupported" type="simple" />
            <root url="jar://$USER_HOME$/dev/studio-master-dev/prebuilts/studio/jdk/jdk11/linux/lib/src.zip!/java.smartcardio" type="simple" />
            <root url="jar://$USER_HOME$/dev/studio-master-dev/prebuilts/studio/jdk/jdk11/linux/lib/src.zip!/jdk.internal.opt" type="simple" />
            <root url="jar://$USER_HOME$/dev/studio-master-dev/prebuilts/studio/jdk/jdk11/linux/lib/src.zip!/java.datatransfer" type="simple" />
            <root url="jar://$USER_HOME$/dev/studio-master-dev/prebuilts/studio/jdk/jdk11/linux/lib/src.zip!/jdk.accessibility" type="simple" />
            <root url="jar://$USER_HOME$/dev/studio-master-dev/prebuilts/studio/jdk/jdk11/linux/lib/src.zip!/jdk.hotspot.agent" type="simple" />
            <root url="jar://$USER_HOME$/dev/studio-master-dev/prebuilts/studio/jdk/jdk11/linux/lib/src.zip!/jdk.security.auth" type="simple" />
            <root url="jar://$USER_HOME$/dev/studio-master-dev/prebuilts/studio/jdk/jdk11/linux/lib/src.zip!/jdk.security.jgss" type="simple" />
            <root url="jar://$USER_HOME$/dev/studio-master-dev/prebuilts/studio/jdk/jdk11/linux/lib/src.zip!/java.security.jgss" type="simple" />
            <root url="jar://$USER_HOME$/dev/studio-master-dev/prebuilts/studio/jdk/jdk11/linux/lib/src.zip!/java.security.sasl" type="simple" />
            <root url="jar://$USER_HOME$/dev/studio-master-dev/prebuilts/studio/jdk/jdk11/linux/lib/src.zip!/jdk.internal.vm.ci" type="simple" />
            <root url="jar://$USER_HOME$/dev/studio-master-dev/prebuilts/studio/jdk/jdk11/linux/lib/src.zip!/jdk.management.jfr" type="simple" />
            <root url="jar://$USER_HOME$/dev/studio-master-dev/prebuilts/studio/jdk/jdk11/linux/lib/src.zip!/java.management.rmi" type="simple" />
            <root url="jar://$USER_HOME$/dev/studio-master-dev/prebuilts/studio/jdk/jdk11/linux/lib/src.zip!/java.transaction.xa" type="simple" />
            <root url="jar://$USER_HOME$/dev/studio-master-dev/prebuilts/studio/jdk/jdk11/linux/lib/src.zip!/jdk.crypto.cryptoki" type="simple" />
            <root url="jar://$USER_HOME$/dev/studio-master-dev/prebuilts/studio/jdk/jdk11/linux/lib/src.zip!/jdk.internal.jvmstat" type="simple" />
            <root url="jar://$USER_HOME$/dev/studio-master-dev/prebuilts/studio/jdk/jdk11/linux/lib/src.zip!/jdk.management.agent" type="simple" />
            <root url="jar://$USER_HOME$/dev/studio-master-dev/prebuilts/studio/jdk/jdk11/linux/lib/src.zip!/jdk.scripting.nashorn" type="simple" />
            <root url="jar://$USER_HOME$/dev/studio-master-dev/prebuilts/studio/jdk/jdk11/linux/lib/src.zip!/jdk.unsupported.desktop" type="simple" />
            <root url="jar://$USER_HOME$/dev/studio-master-dev/prebuilts/studio/jdk/jdk11/linux/lib/src.zip!/jdk.internal.vm.compiler" type="simple" />
            <root url="jar://$USER_HOME$/dev/studio-master-dev/prebuilts/studio/jdk/jdk11/linux/lib/src.zip!/jdk.scripting.nashorn.shell" type="simple" />
            <root url="jar://$USER_HOME$/dev/studio-master-dev/prebuilts/studio/jdk/jdk11/linux/lib/src.zip!/jdk.internal.vm.compiler.management" type="simple" />
            <root url="jar://$USER_HOME$/dev/studio-master-dev/prebuilts/studio/jdk/jdk11/linux/lib/src.zip!/jdk.naming.ldap" type="simple" />
          </root>
        </sourcePath>
      </roots>
      <additional />
    </jdk>
    <jdk version="2">
      <name value="Android API 23 Platform" />
      <type value="Android SDK" />
      <homePath value="$USER_HOME$/Android/Sdk" />
      <roots>
        <annotationsPath>
          <root type="composite">
            <root url="file://$USER_HOME$/dev/studio-master-dev/tools/adt/idea/android/annotations" type="simple" />
          </root>
        </annotationsPath>
        <classPath>
          <root type="composite">
            <root url="jar://$USER_HOME$/Android/Sdk/platforms/android-23/android.jar!/" type="simple" />
            <root url="file://$USER_HOME$/Android/Sdk/platforms/android-23/data/res" type="simple" />
          </root>
        </classPath>
        <javadocPath>
          <root type="composite">
            <root url="http://developer.android.com/reference/" type="simple" />
          </root>
        </javadocPath>
        <sourcePath>
          <root type="composite" />
        </sourcePath>
      </roots>
      <additional jdk="11" sdk="android-23" />
    </jdk>
    <jdk version="2">
      <name value="Android API 28 Platform" />
      <type value="Android SDK" />
      <homePath value="$USER_HOME$/Android/Sdk" />
      <roots>
        <annotationsPath>
          <root type="composite">
            <root url="jar://$USER_HOME$/Android/Sdk/platforms/android-28/data/annotations.zip!/" type="simple" />
          </root>
        </annotationsPath>
        <classPath>
          <root type="composite">
            <root url="jar://$USER_HOME$/Android/Sdk/platforms/android-28/android.jar!/" type="simple" />
            <root url="file://$USER_HOME$/Android/Sdk/platforms/android-28/data/res" type="simple" />
          </root>
        </classPath>
        <javadocPath>
          <root type="composite">
            <root url="http://developer.android.com/reference/" type="simple" />
          </root>
        </javadocPath>
        <sourcePath>
          <root type="composite" />
        </sourcePath>
      </roots>
      <additional jdk="11" sdk="android-28" />
    </jdk>
    <jdk version="2">
      <name value="Android API 29 Platform" />
      <type value="Android SDK" />
      <homePath value="$USER_HOME$/Android/Sdk" />
      <roots>
        <annotationsPath>
          <root type="composite">
            <root url="jar://$USER_HOME$/Android/Sdk/platforms/android-29/data/annotations.zip!/" type="simple" />
          </root>
        </annotationsPath>
        <classPath>
          <root type="composite">
            <root url="jar://$USER_HOME$/Android/Sdk/platforms/android-29/android.jar!/" type="simple" />
            <root url="file://$USER_HOME$/Android/Sdk/platforms/android-29/data/res" type="simple" />
          </root>
        </classPath>
        <javadocPath>
          <root type="composite">
            <root url="http://developer.android.com/reference/" type="simple" />
          </root>
        </javadocPath>
        <sourcePath>
          <root type="composite" />
        </sourcePath>
      </roots>
      <additional jdk="11" sdk="android-29" />
    </jdk>
    <jdk version="2">
      <name value="Android API 30 Platform" />
      <type value="Android SDK" />
      <version value="version 11.0.11" />
      <homePath value="$USER_HOME$/Android/Sdk" />
      <roots>
        <annotationsPath>
          <root type="composite">
            <root url="jar://$USER_HOME$/Android/Sdk/platforms/android-30/data/annotations.zip!/" type="simple" />
          </root>
        </annotationsPath>
        <classPath>
          <root type="composite">
            <root url="jar://$USER_HOME$/Android/Sdk/platforms/android-30/android.jar!/" type="simple" />
            <root url="file://$USER_HOME$/Android/Sdk/platforms/android-30/data/res" type="simple" />
          </root>
        </classPath>
        <javadocPath>
          <root type="composite" />
        </javadocPath>
        <sourcePath>
          <root type="composite">
            <root url="file://$USER_HOME$/Android/Sdk/sources/android-30" type="simple" />
          </root>
        </sourcePath>
      </roots>
      <additional jdk="11" sdk="android-30" />
    </jdk>
  </component>
</application>