<application>
  <component name="DiffManager" COMPARISON_POLICY="Ignore spaces" />
  <component name="TextDiffSettings">
    <option name="PLACES_MAP">
      <entry key="Default">
        <PlaceSettings>
          <option name="HIGHLIGHT_POLICY" value="BY_LINE" />
        </PlaceSettings>
      </entry>
      <entry key="Merge">
        <PlaceSettings>
          <option name="USE_SOFT_WRAPS" value="true" />
        </PlaceSettings>
      </entry>
    </option>
    <option name="SHARED_SETTINGS">
      <SharedSettings>
        <option name="MERGE_AUTO_APPLY_NON_CONFLICTED_CHANGES" value="true" />
      </SharedSettings>
    </option>
  </component>
</application>