<application>
  <component name="DefaultFont">
    <option name="FONT_SIZE" value="14" />
    <option name="FONT_FAMILY" value="Fira Code" />
    <option name="USE_LIGATURES" value="true" />
  </component>
  <component name="EditorSettings">
    <option name="USE_SOFT_WRAPS" value="MAIN_EDITOR:CONSOLE" />
    <option name="USE_CUSTOM_SOFT_WRAP_INDENT" value="true" />
    <option name="CUSTOM_SOFT_WRAP_INDENT" value="4" />
    <option name="IS_ENSURE_NEWLINE_AT_EOF" value="true" />
    <option name="QUICK_DOC_ON_MOUSE_OVER_DELAY_MS" value="200" />
    <option name="IS_CAMEL_WORDS" value="true" />
    <option name="IS_DND_ENABLED" value="false" />
  </component>
  <component name="JSEditorOptions">
    <option name="START_STRING_INTERPOLATION_ON_TYPING" value="true" />
  </component>
  <component name="JetEditorOptions">
    <option name="donTShowConversionDialog" value="true" />
  </component>
  <component name="SqlEditorOptions">
    <option name="concatenateStringsOnEnter" value="true" />
    <option name="qualificationType" value="On collisions" />
  </component>
</application>