<application>
  <component name="CodeFoldingSettings">
    <option name="COLLAPSE_IMPORTS" value="false" />
  </component>
  <component name="CodeInsightSettings">
    <option name="AUTOINSERT_PAIR_BRACKET" value="false" />
    <option name="AUTOINSERT_PAIR_QUOTE" value="false" />
    <option name="INDENT_TO_CARET_ON_PASTE" value="true" />
    <option name="ADD_IMPORTS_ON_PASTE" value="1" />
    <option name="ADD_UNAMBIGIOUS_IMPORTS_ON_THE_FLY" value="true" />
    <EXCLUDED_PACKAGE NAME="com.google.api.client.util" />
    <EXCLUDED_PACKAGE NAME="com.sun.istack.internal" />
    <EXCLUDED_PACKAGE NAME="com.sun.org.apache" />
    <EXCLUDED_PACKAGE NAME="org.hamcrest" />
    <EXCLUDED_PACKAGE NAME="org.junit.Assert" />
    <EXCLUDED_PACKAGE NAME="org.mockito.MockitoAnnotations" />
    <EXCLUDED_PACKAGE NAME="org.mockito.internal" />
  </component>
  <component name="DaemonCodeAnalyzerSettings" profile="Better Null Check" />
  <component name="Go">
    <option name="renameCorrespondingTestOrProductionFile" value="YES" />
  </component>
  <component name="JavaCodeFoldingSettings">
    <option name="collapseOneLineMethods" value="false" />
    <option name="collapseSuppressWarnings" value="false" />
  </component>
</application>