<application>
  <component name="G3PluginsGlobalSettings">
    <appliedSettings>
      <entry key="AutoSaveWhenIdle" value="true" />
      <entry key="DisableKotlinPlugin2" value="true" />
      <entry key="DisableOverridingIdeShortcuts" value="true" />
      <entry key="DisableSafeWrite" value="true" />
      <entry key="GoogleStyleSet" value="true" />
      <entry key="IgnorePipertmpFiles" value="true" />
      <entry key="PiccoloFileType" value="true" />
      <entry key="ReopenLastProjectOnStartup" value="true" />
      <entry key="SynchronizeFilesOnFrameActivation" value="true" />
    </appliedSettings>
  </component>
</application>