<application>
  <component name="GeneralSettings">
    <option name="autoSaveIfInactive" value="true" />
    <option name="confirmExit" value="false" />
    <option name="confirmOpenNewProject2" value="0" />
    <option name="processCloseConfirmation" value="TERMINATE" />
    <option name="reopenLastProject" value="false" />
    <option name="showTipsOnStartup" value="false" />
    <option name="useSafeWrite" value="false" />
  </component>
  <component name="Registry">
    <entry key="ide.firstStartup" value="false" />
    <entry key="focus.follows.mouse.workarounds" value="true" />
    <entry key="undo.documentUndoLimit" value="10000" />
    <entry key="undo.globalUndoLimit" value="100" />
    <entry key="bigger.font.in.project.view" value="true" />
    <entry key="ide.mac.allowDarkWindowDecorations" value="true" />
    <entry key="debugger.watches.in.variables" value="false" />
  </component>
</application>