<application>
  <component name="AppInspectionProfilesVisibleTreeState">
    <entry key="Better Null Check">
      <profile-state>
        <expanded-state>
          <State>
            <id />
          </State>
          <State>
            <id>Android</id>
          </State>
          <State>
            <id>Android Lint</id>
          </State>
          <State>
            <id>Assignment issuesJava</id>
          </State>
          <State>
            <id>Code style issuesJava</id>
          </State>
          <State>
            <id>Control flow issuesJava</id>
          </State>
          <State>
            <id>CorrectnessLintAndroid</id>
          </State>
          <State>
            <id>Error handlingJava</id>
          </State>
          <State>
            <id>General</id>
          </State>
          <State>
            <id>Groovy</id>
          </State>
          <State>
            <id>Java</id>
          </State>
          <State>
            <id>Java language level migration aidsJava</id>
          </State>
          <State>
            <id>JavaScript</id>
          </State>
          <State>
            <id>Kotlin</id>
          </State>
          <State>
            <id>LintAndroid</id>
          </State>
          <State>
            <id>Maven</id>
          </State>
          <State>
            <id>Numeric issuesJava</id>
          </State>
          <State>
            <id>Plugin DevKit</id>
          </State>
          <State>
            <id>Probable bugsGroovy</id>
          </State>
          <State>
            <id>Probable bugsJava</id>
          </State>
          <State>
            <id>Probable bugsJavaScript</id>
          </State>
          <State>
            <id>SQL</id>
          </State>
          <State>
            <id>Spring</id>
          </State>
          <State>
            <id>Spring CoreSpring</id>
          </State>
          <State>
            <id>XPath</id>
          </State>
        </expanded-state>
        <selected-state>
          <State>
            <id>NullableProblems</id>
          </State>
        </selected-state>
      </profile-state>
    </entry>
    <entry key="Default">
      <profile-state>
        <expanded-state>
          <State>
            <id />
          </State>
          <State>
            <id>AOP</id>
          </State>
          <State>
            <id>ActionScript specificJavaScript</id>
          </State>
          <State>
            <id>Android</id>
          </State>
          <State>
            <id>Android Lint</id>
          </State>
          <State>
            <id>Ant inspections</id>
          </State>
          <State>
            <id>Assignment issuesGroovy</id>
          </State>
          <State>
            <id>Code style issuesJavaScript</id>
          </State>
          <State>
            <id>General</id>
          </State>
          <State>
            <id>GeneralJavaScript</id>
          </State>
          <State>
            <id>Groovy</id>
          </State>
          <State>
            <id>Guice Inspections</id>
          </State>
          <State>
            <id>HTML</id>
          </State>
          <State>
            <id>Internationalization issues</id>
          </State>
          <State>
            <id>JavaScript</id>
          </State>
          <State>
            <id>Language Injection</id>
          </State>
          <State>
            <id>Maven</id>
          </State>
          <State>
            <id>Naming ConventionsGroovy</id>
          </State>
          <State>
            <id>OtherGroovy</id>
          </State>
          <State>
            <id>Pattern Validation</id>
          </State>
          <State>
            <id>Plugin DevKit</id>
          </State>
          <State>
            <id>Potentially confusing code constructsGroovy</id>
          </State>
          <State>
            <id>Potentially confusing code constructsJavaScript</id>
          </State>
          <State>
            <id>Probable bugsGroovy</id>
          </State>
          <State>
            <id>Probable bugsJavaScript</id>
          </State>
          <State>
            <id>SQL</id>
          </State>
          <State>
            <id>Spelling</id>
          </State>
          <State>
            <id>Spring</id>
          </State>
          <State>
            <id>Spring AOPSpring</id>
          </State>
          <State>
            <id>Spring CoreSpring</id>
          </State>
          <State>
            <id>Threading issuesGroovy</id>
          </State>
          <State>
            <id>XML</id>
          </State>
          <State>
            <id>XMLSpring CoreSpring</id>
          </State>
          <State>
            <id>XPath</id>
          </State>
        </expanded-state>
        <selected-state>
          <State>
            <id>SpellCheckingInspection</id>
          </State>
        </selected-state>
      </profile-state>
    </entry>
    <entry key="Project Default">
      <profile-state>
        <expanded-state>
          <State>
            <id />
          </State>
          <State>
            <id>Android Lint</id>
          </State>
          <State>
            <id>Assignment issuesJava</id>
          </State>
          <State>
            <id>Code style issuesJava</id>
          </State>
          <State>
            <id>Control flow issuesJava</id>
          </State>
          <State>
            <id>Error handlingJava</id>
          </State>
          <State>
            <id>Groovy</id>
          </State>
          <State>
            <id>Java</id>
          </State>
          <State>
            <id>Java language level migration aidsJava</id>
          </State>
          <State>
            <id>JavaScript</id>
          </State>
          <State>
            <id>Kotlin</id>
          </State>
          <State>
            <id>Numeric issuesJava</id>
          </State>
          <State>
            <id>Probable bugsGroovy</id>
          </State>
          <State>
            <id>Probable bugsJava</id>
          </State>
          <State>
            <id>Probable bugsJavaScript</id>
          </State>
          <State>
            <id>SQL</id>
          </State>
          <State>
            <id>Spring</id>
          </State>
          <State>
            <id>Spring CoreSpring</id>
          </State>
        </expanded-state>
        <selected-state>
          <State>
            <id>Android Lint</id>
          </State>
        </selected-state>
      </profile-state>
    </entry>
    <entry key="Project Default (copy)">
      <profile-state>
        <expanded-state>
          <State>
            <id />
          </State>
        </expanded-state>
        <selected-state>
          <State>
            <id>Android</id>
          </State>
        </selected-state>
      </profile-state>
    </entry>
  </component>
  <component name="NodeJsLocalInterpreters">
    <local-interpreter path="/usr/bin/node">
      <version-cache version="8.9.1" last-modified="1510094592000" />
      <npm-package value="/usr/lib/node_modules/npm" />
    </local-interpreter>
    <local-interpreter path="$USER_HOME$/git/orbitera/orbitera-v2/tools/node-v7.4.0-linux-x64/bin/node">
      <version-cache version="7.4.0" last-modified="1491237956000" />
      <npm-package value="$USER_HOME$/git/orbitera/orbitera-v2/tools/node-v7.4.0-linux-x64/lib/node_modules/npm" />
    </local-interpreter>
  </component>
  <component name="PluginSettings">
    <targets url-encoded="true" />
    <successfultargets url-encoded="true" />
  </component>
  <component name="PropertiesComponent">
    <property name="AndroidPlatformName" value="Android API 28 Platform" />
    <property name="ColorChooser.RecentColors" value="46-46-50-255,,,122-122-122-255,,,139-139-139-255,,,27-27-27-255,,,97-140-238-255,,,111-67-151-255,,,152-93-208-255,,,106-149-247-255,,,205-101-255-255,,,102-187-255-255,,,136-228-255-255,,,36-54-50-255,,,51-54-46-255,,,133-248-243-255,,,193-255-194-255,,,99-99-99-120,,,93-116-128-0,,,78-97-107-0,,,147-147-147-255,,,91-91-91-255" />
    <property name="CommitChangeListDialog.DETAILS_SPLITTER_PROPORTION_2" value="0.60645163" />
    <property name="ExpandBeforeRunStepsPanel" value="true" />
    <property name="ExpandRunDashboardTypesPanel" value="false" />
    <property name="FileTemplates.SelectedTemplate" value="HTML File" />
    <property name="InstalledPluginsSearchHistory" value="psiviewer&#10;gerrit&#10;h" />
    <property name="JUnitSupport.hidePassedTests" value="true" />
    <property name="KEYMAP" value="fold&#10;kotlin repl&#10;run&#10;debug&#10;end" />
    <property name="LayoutCode.codeCleanup" value="true" />
    <property name="LayoutCode.optimizeImports" value="true" />
    <property name="LayoutCode.processChangedText" value="true" />
    <property name="LayoutCode.rearrangeEntriesJava" value="false" />
    <property name="LayoutCode.rearrangeEntriesKotlin" value="false" />
    <property name="MemberChooser.copyJavadoc" value="false" />
    <property name="MemberChooser.showClasses" value="true" />
    <property name="PluginConfigurable.selectionTab" value="1" />
    <property name="SHOW_INHERITED.file.structure.state" value="true" />
    <property name="SettingsSearchHistory" value="vim&#10;console color&#10;vim emulation&#10;heap size&#10;memory" />
    <property name="TrendingPluginsSearchHistory" value="kotlin&#10;psiviewer&#10;gerrit&#10;hidpi&#10;proto" />
    <property name="Vcs.Log.Text.Filter.History" value="remove" />
    <property name="build.toolwindow.Sync.selection.state" value="com.intellij.build.BuildTreeConsoleView" />
    <property name="build.toolwindow.run.selection.state" value="consoleView" />
    <property name="com.intellij.history.integration.ui.views.FileHistoryDialog.0" value="300" />
    <property name="com.intellij.history.integration.ui.views.FileHistoryDialog.1" value="800" />
    <property name="com.intellij.openapi.roots.ui.configuration.TabbedModuleEditor.selectedEditor" value="Dependencies" />
    <property name="completion.stats.allow.message.shown" value="true" />
    <property name="completion.stats.experiment.salt" value="dd66e3db" />
    <property name="completion.stats.experiment.version" value="6" />
    <property name="completion.stats.status.updated.ts" value="1543987044764" />
    <property name="create.project.preferred.importer" value="Existing Sources" />
    <property name="decompiler.legal.notice.accepted" value="true" />
    <property name="defaultJdkConfigured" value="true" />
    <property name="exception.accepted.notices" value="182193a2" />
    <property name="export.settings.path" value="$USER_HOME$/.tgeng_config/settings.zip" />
    <property name="file.chooser.recent.files" value="$USER_HOME$/dev/studio-release-dev/tools/idea&#10;/usr/local/google/home/tgeng/dev/studio-master-dev/tools/idea&#10;/usr/local/google/home/tgeng/dev/studio-master-dev/tools/adt/idea/android&#10;/usr/local/google/home/tgeng/dev/studio-master-dev/tools/base&#10;/usr/local/google/home/tgeng/dev/studio-3.3-dev/tools/base&#10;/usr/local/google/home/tgeng/dev/kotlin/kotlin-native-1.0.3&#10;/usr/local/google/home/tgeng/samples/1544540787326_4561_full.trace&#10;/usr/local/google/home/tgeng/dev/gradle/kotlin-dsl&#10;/usr/local/google/home/tgeng/dev/studio-master-dev/tools/vendor/google/cpp-integration-tests/cpp-integration-tests.iml&#10;/usr/local/google/home/tgeng/dev/studio-master-dev/tools/vendor/google/cpp-integration-tests&#10;/usr/local/google/home/tgeng/dev/studio-master-dev/tools/vendor/intellij/cidr/cidr-common/intellij.cidr.common.iml&#10;/usr/local/google/home/tgeng/dev/studio-master-dev/tools/vendor/intellij/cidr&#10;/usr/local/google/home/tgeng/dev/studio-master-dev/tools/vendor/intellij/cidr/cidr-ide/intellij.cidr.ide.iml&#10;/usr/local/google/home/tgeng/dev/studio-master-dev/tools/vendor/intellij/cidr/clion-gradle/intellij.clion.gradle.iml&#10;/usr/local/google/home/tgeng/dev/studio-master-dev/tools/vendor/intellij/cidr/clion&#10;/usr/local/google/home/tgeng/dev/studio-master-dev/tools/vendor/intellij/cidr/clion/intellij.clion.iml&#10;/usr/local/google/home/tgeng/dev/studio-master-dev/tools/base/build-system/gradle-core&#10;/usr/local/google/home/tgeng/dev/studio-master-dev/prebuilts/studio/jdk/linux&#10;/usr/local/google/home/tgeng/dev/studio-master-dev/tools/base/build-system/builder-model&#10;/usr/local/google/home/tgeng/Android/Sdk&#10;/usr/local/google/home/tgeng/dev/studio-master-dev/tools/adt/idea&#10;/usr/local/google/home/tgeng/dev/win10.vdi&#10;/usr/local/google/home/tgeng/dev/kotlin/kotlin&#10;/usr/local/google/home/tgeng/.tgeng_config/intellij/settings.jar" />
    <property name="file.gist.reindex.count" value="284641" />
    <property name="fileTypeChangedCounter" value="7" />
    <property name="ideavim.statistics.timestamp" value="1550117238088" />
    <property name="installed.kotlin.plugin.version" value="1.3.21-release-IJ2018.3-1" />
    <property name="java.module.default.source.root" value="src" />
    <property name="jdk.selected.JAVA_MODULE" value="1.8" />
    <property name="jdk.selected.PLUGIN_MODULE" value="IntelliJ IDEA Community Edition IC-183.4284.36" />
    <property name="kotlin.lastUpdateCheck" value="1550117549313" />
    <property name="last.imported.location" value="$USER_HOME$/dev/studio-master-dev/tools/adt/idea/android" />
    <property name="project.wizard.group" value="Kotlin" />
    <property name="project.wizard.template" value="Kotlin/Native" />
    <property name="quick.doc.font.size" value="LARGE" />
    <property name="selected.color.option.type" value="CONSOLE_BACKGROUND_KEY" />
    <property name="settings.code.style.selected.tab.JAVA" value="Code Generation" />
  </component>
  <component name="PyTestFrameworkService">
    <option name="SDK_TO_PYTEST">
      <map>
        <entry key="/usr/bin/python2.7" value="false" />
      </map>
    </option>
  </component>
  <component name="Rearranger">
    <Rearranger KeepGettersSettersTogether="false" KeepGettersSettersWithProperty="false" KeepOverloadedMethodsTogether="false" ConfirmBeforeRearranging="false" RearrangeInnerClasses="false" globalCommentPattern="" overloadedOrder="0" ShowParameterTypes="true" ShowParameterNames="false" ShowFields="true" ShowTypeAfterMethod="true" ShowRules="false" ShowMatchedRules="false" ShowComments="false" RemoveBlanksInsideCodeBlocks="false">
      <Items />
      <Classes />
      <DefaultGetterSetterDefinition>
        <GetterSetterDefinition getterBody="0" getterName="0" setterBody="0" setterName="0" />
      </DefaultGetterSetterDefinition>
      <RelatedMethods moveExtractedMethods="false" belowFirstCaller="true" depthFirstOrdering="true" ordering="0" nonPrivateTreatment="2" commentType="0" fillString="" useProjectWidthForFill="true" fillWidth="0">
        <PrecedingComment>
          <Comment condition="0" nPrecedingRulesToMatch="1" nSubsequentRulesToMatch="1" allPrecedingRules="true" allSubsequentRules="true" fillString="" useProjectWidthForFill="true" fillWidth="0" />
        </PrecedingComment>
        <TrailingComment>
          <Comment condition="0" nPrecedingRulesToMatch="1" nSubsequentRulesToMatch="1" allPrecedingRules="true" allSubsequentRules="true" fillString="" useProjectWidthForFill="true" fillWidth="0" />
        </TrailingComment>
      </RelatedMethods>
      <AfterClassLBrace Force="false" nBlankLines="0" />
      <AfterClassRBrace Force="false" nBlankLines="0" />
      <BeforeClassRBrace Force="false" nBlankLines="0" />
      <BeforeMethodLBrace Force="false" nBlankLines="0" />
      <AfterMethodLBrace Force="false" nBlankLines="0" />
      <AfterMethodRBrace Force="false" nBlankLines="0" />
      <BeforeMethodRBrace Force="false" nBlankLines="0" />
      <NewlinesAtEOF Force="false" nBlankLines="0" />
    </Rearranger>
  </component>
  <component name="SvgViewer.Settings">
    <option name="PLUGIN_ENABLED" value="true" />
  </component>
  <component name="SystemNotifications">
    <option name="NOTIFICATIONS">
      <set>
        <option value="Compiler (errors)" />
        <option value="TestRunner" />
      </set>
    </option>
  </component>
  <component name="com.intellij.ide.fileTemplates.impl.FileTemplateManagerImpl">
    <recent_templates>
      <option name="RECENT_TEMPLATES">
        <value>
          <list size="0" />
        </value>
      </option>
    </recent_templates>
  </component>
  <component name="com.intellij.javaee.ExternalResourceManagerImpl">
    <ignored-resource url="urn:idea:xslt-plugin#extensions" />
    <ignored-resource url="http://relaxng.org/ns/compatibility/annotations/1.0" />
    <ignored-resource url="http://exslt.org/dates-and-times" />
    <ignored-resource url="http://www.w3.org/1998/Math/MathML" />
    <ignored-resource url="http://exslt.org/math" />
    <ignored-resource url="http://exslt.org/dynamic" />
    <ignored-resource url="http://exslt.org/common" />
    <ignored-resource url="http://exslt.org/strings" />
    <ignored-resource url="http://exslt.org/sets" />
    <ignored-resource url="http://www.w3.org/2000/svg" />
  </component>
</application>