<application>
  <component name="ParameterNameHintsSettings">
    <blacklists>
      <blacklist language="TypeScript" />
      <blacklist language="Java" />
      <blacklist language="Go">
        <added pattern="*.Sprintf(*,*)" />
        <added pattern="*.Printf(*,*)" />
        <added pattern="*.Println(*)" />
      </blacklist>
      <blacklist language="PHP">
        <removed pattern="" />
      </blacklist>
    </blacklists>
    <option id="SHOW_PROPERTY_HINT" value="true" />
    <option id="SHOW_LOCAL_VARIABLE_HINT" value="true" />
  </component>
</application>