<application>
  <component name="DependencyUISettings">
    <option name="UI_FILTER_LEGALS" value="true" />
    <option name="SCOPE_TYPE" value="file" />
  </component>
  <component name="UISettings">
    <option name="ACTIVATE_MRU_EDITOR_ON_CLOSE" value="true" />
    <option name="FONT_FACE" value="Arial" />
    <option name="FONT_SCALE" value="1.0" />
    <option name="FONT_SIZE" value="14" />
    <option name="OVERRIDE_NONIDEA_LAF_FONTS" value="true" />
    <option name="PIN_FIND_IN_PATH_POPUP" value="true" />
    <option name="SCROLL_TAB_LAYOUT_IN_EDITOR" value="false" />
    <option name="SHOW_CLOSE_BUTTON" value="false" />
  </component>
</application>