<keymap version="1" name="Default for XWin copy" parent="Default for XWin">
  <action id="$Copy">
    <keyboard-shortcut first-keystroke="ctrl insert" />
    <keyboard-shortcut first-keystroke="alt c" />
    <keyboard-shortcut first-keystroke="ctrl c" />
  </action>
  <action id="$Cut">
    <keyboard-shortcut first-keystroke="ctrl x" />
    <keyboard-shortcut first-keystroke="shift delete" />
    <keyboard-shortcut first-keystroke="alt x" />
  </action>
  <action id="$Paste">
    <keyboard-shortcut first-keystroke="ctrl v" />
    <keyboard-shortcut first-keystroke="shift insert" />
    <keyboard-shortcut first-keystroke="alt v" />
  </action>
  <action id="$SelectAll" />
  <action id="ActivateBuildToolWindow">
    <keyboard-shortcut first-keystroke="alt 0" />
  </action>
  <action id="ActivateCommitToolWindow" />
  <action id="ActivateDatabaseToolWindow">
    <keyboard-shortcut first-keystroke="alt 2" />
  </action>
  <action id="ActivateFavoritesToolWindow" />
  <action id="ActivateGradleToolWindow">
    <keyboard-shortcut first-keystroke="alt 6" />
  </action>
  <action id="ActivateHierarchyToolWindow">
    <keyboard-shortcut first-keystroke="alt 2" />
  </action>
  <action id="ActivateProblemsViewToolWindow" />
  <action id="ActivatePullRequestsToolWindow">
    <keyboard-shortcut first-keystroke="shift alt 8" />
  </action>
  <action id="ActivateServicesToolWindow" />
  <action id="ActivateSpaceCodeReviewsToolWindow">
    <keyboard-shortcut first-keystroke="alt 8" />
  </action>
  <action id="ActivateTerminalToolWindow">
    <keyboard-shortcut first-keystroke="alt f12" />
    <keyboard-shortcut first-keystroke="pause" />
    <keyboard-shortcut first-keystroke="f12" />
  </action>
  <action id="Android.TraceViewSearch">
    <keyboard-shortcut first-keystroke="alt f3" />
  </action>
  <action id="Annotate">
    <keyboard-shortcut first-keystroke="ctrl b" />
  </action>
  <action id="AutoIndentLines" />
  <action id="Back">
    <keyboard-shortcut first-keystroke="ctrl alt left" />
    <mouse-shortcut keystroke="button4" />
    <keyboard-shortcut first-keystroke="ctrl o" />
  </action>
  <action id="Blaze.FullSyncProject">
    <keyboard-shortcut first-keystroke="ctrl alt b" />
  </action>
  <action id="Blaze.IncrementalSyncProject">
    <keyboard-shortcut first-keystroke="alt b" />
  </action>
  <action id="Blaze.OpenCorrespondingBuildFile">
    <keyboard-shortcut first-keystroke="shift alt b" />
  </action>
  <action id="Blaze.OpenInCodeSearch">
    <keyboard-shortcut first-keystroke="alt g" />
  </action>
  <action id="CallHierarchy" />
  <action id="ChangesView.GroupBy.Module" />
  <action id="ChangesView.Move" />
  <action id="CheckinProject" />
  <action id="ChooseDebugConfiguration">
    <keyboard-shortcut first-keystroke="shift alt f9" />
    <keyboard-shortcut first-keystroke="alt b" />
  </action>
  <action id="ClassNameCompletion" />
  <action id="CloseAllEditors">
    <keyboard-shortcut first-keystroke="shift ctrl w" />
  </action>
  <action id="CloseAllEditorsButActive">
    <keyboard-shortcut first-keystroke="shift alt m" />
  </action>
  <action id="CloseContent">
    <keyboard-shortcut first-keystroke="ctrl w" />
  </action>
  <action id="CloseEditor">
    <keyboard-shortcut first-keystroke="alt m" />
  </action>
  <action id="CodesearchSearchAction">
    <keyboard-shortcut first-keystroke="alt p" />
  </action>
  <action id="CollapseSelection" />
  <action id="CompareTwoFiles" />
  <action id="Compile">
    <keyboard-shortcut first-keystroke="shift ctrl f5" />
  </action>
  <action id="CompileDirty" />
  <action id="Console.Jpa.Execute" />
  <action id="Console.Open">
    <keyboard-shortcut first-keystroke="ctrl space" />
  </action>
  <action id="Console.SplitLine" />
  <action id="Console.TableResult.NavigateForeignAction">
    <mouse-shortcut keystroke="control button1" />
  </action>
  <action id="Console.TableResult.Reload" />
  <action id="ContextHelp" />
  <action id="CopyAbsolutePath" />
  <action id="CopyElement">
    <keyboard-shortcut first-keystroke="ctrl alt d" />
  </action>
  <action id="CopyPaths" />
  <action id="CopyReference">
    <keyboard-shortcut first-keystroke="shift ctrl c" />
  </action>
  <action id="DatabaseView.GenerateDDLAction" />
  <action id="Debug">
    <keyboard-shortcut first-keystroke="f9" />
    <keyboard-shortcut first-keystroke="alt back_quote" />
  </action>
  <action id="DebugClass">
    <keyboard-shortcut first-keystroke="shift ctrl f9" />
  </action>
  <action id="Debugger.AddToWatch">
    <keyboard-shortcut first-keystroke="alt w" />
  </action>
  <action id="Debugger.EditFrameSource">
    <keyboard-shortcut first-keystroke="alt g" />
  </action>
  <action id="Debugger.EditTypeSource">
    <keyboard-shortcut first-keystroke="ctrl f4" />
    <keyboard-shortcut first-keystroke="ctrl alt g" />
  </action>
  <action id="Debugger.StepOutOfBlock">
    <keyboard-shortcut first-keystroke="shift f7" />
  </action>
  <action id="Diff.ApplyLeftSide">
    <keyboard-shortcut first-keystroke="shift alt right" />
    <keyboard-shortcut first-keystroke="alt right" />
    <keyboard-shortcut first-keystroke="ctrl alt l" />
  </action>
  <action id="Diff.ApplyRightSide">
    <keyboard-shortcut first-keystroke="shift alt left" />
    <keyboard-shortcut first-keystroke="alt left" />
    <keyboard-shortcut first-keystroke="ctrl alt h" />
  </action>
  <action id="Diff.NextChange">
    <keyboard-shortcut first-keystroke="ctrl alt i" />
  </action>
  <action id="Diff.PrevChange">
    <keyboard-shortcut first-keystroke="ctrl alt u" />
  </action>
  <action id="Diff.SelectedChange">
    <keyboard-shortcut first-keystroke="ctrl n" />
  </action>
  <action id="Django.RunManageTaskAction" />
  <action id="DomCollectionControl.Add" />
  <action id="DomCollectionControl.Edit">
    <keyboard-shortcut first-keystroke="alt g" />
  </action>
  <action id="DomElementsTreeView.AddElement" />
  <action id="DomElementsTreeView.GotoDomElementDeclarationAction">
    <keyboard-shortcut first-keystroke="alt g" />
  </action>
  <action id="EditSource">
    <keyboard-shortcut first-keystroke="alt g" />
  </action>
  <action id="EditSourceInNewWindow" />
  <action id="Editor Copy">
    <keyboard-shortcut first-keystroke="alt c" />
    <keyboard-shortcut first-keystroke="ctrl c" />
  </action>
  <action id="Editor Cut">
    <keyboard-shortcut first-keystroke="alt x" />
  </action>
  <action id="Editor Paste">
    <keyboard-shortcut first-keystroke="alt v" />
  </action>
  <action id="EditorChooseLookupItemAlways" />
  <action id="EditorChooseLookupItemDot" />
  <action id="EditorContextInfo" />
  <action id="EditorCreateRectangularSelectionOnMouseDrag">
    <mouse-shortcut keystroke="button2" />
  </action>
  <action id="EditorDeleteLine" />
  <action id="EditorDownWithSelection" />
  <action id="EditorDuplicate" />
  <action id="EditorEnter">
    <keyboard-shortcut first-keystroke="enter" />
    <keyboard-shortcut first-keystroke="shift enter" />
  </action>
  <action id="EditorJoinLines" />
  <action id="EditorLeft">
    <keyboard-shortcut first-keystroke="left" />
    <keyboard-shortcut first-keystroke="ctrl h" />
  </action>
  <action id="EditorLeftWithSelection" />
  <action id="EditorLineEnd">
    <keyboard-shortcut first-keystroke="end" />
    <keyboard-shortcut first-keystroke="ctrl e" />
  </action>
  <action id="EditorLineStart">
    <keyboard-shortcut first-keystroke="home" />
    <keyboard-shortcut first-keystroke="ctrl a" />
  </action>
  <action id="EditorPaste">
    <keyboard-shortcut first-keystroke="ctrl v" />
    <keyboard-shortcut first-keystroke="shift insert" />
    <keyboard-shortcut first-keystroke="alt v" />
  </action>
  <action id="EditorPasteFromX11" />
  <action id="EditorRight">
    <keyboard-shortcut first-keystroke="right" />
    <keyboard-shortcut first-keystroke="ctrl l" />
  </action>
  <action id="EditorRightWithSelection" />
  <action id="EditorSelectWord" />
  <action id="EditorSplitLine" />
  <action id="EditorStartNewLine" />
  <action id="EditorStartNewLineBefore" />
  <action id="EditorToggleInsertState" />
  <action id="EditorUnSelectWord" />
  <action id="EditorUpWithSelection" />
  <action id="EvaluateExpression">
    <keyboard-shortcut first-keystroke="f8" />
  </action>
  <action id="ExportToTextFile" />
  <action id="ExpressionTypeInfo">
    <keyboard-shortcut first-keystroke="shift ctrl p" />
    <keyboard-shortcut first-keystroke="alt t" />
  </action>
  <action id="ExternalSystem.OpenConfig">
    <keyboard-shortcut first-keystroke="alt g" />
  </action>
  <action id="ExtractFunction" />
  <action id="ExtractMethod" />
  <action id="FileChooser.GotoDesktop" />
  <action id="FileStructurePopup">
    <keyboard-shortcut first-keystroke="alt slash" />
  </action>
  <action id="FindModal">
    <keyboard-shortcut first-keystroke="ctrl f" />
  </action>
  <action id="FindNext" />
  <action id="FindPrevious" />
  <action id="FindUsages">
    <keyboard-shortcut first-keystroke="alt f7" />
    <keyboard-shortcut first-keystroke="f7" />
  </action>
  <action id="ForceStepOver">
    <keyboard-shortcut first-keystroke="shift f6" />
  </action>
  <action id="Forward">
    <keyboard-shortcut first-keystroke="ctrl alt right" />
    <mouse-shortcut keystroke="button5" />
    <keyboard-shortcut first-keystroke="shift ctrl o" />
  </action>
  <action id="Generate">
    <keyboard-shortcut first-keystroke="alt insert" />
    <keyboard-shortcut first-keystroke="alt equals" />
  </action>
  <action id="Git.Branches">
    <keyboard-shortcut first-keystroke="alt quote" />
  </action>
  <action id="Git.CompareWithBranch">
    <keyboard-shortcut first-keystroke="shift ctrl b" />
  </action>
  <action id="Git.ResolveConflicts">
    <keyboard-shortcut first-keystroke="ctrl alt r" />
  </action>
  <action id="Github.Open.In.Browser">
    <keyboard-shortcut first-keystroke="f4" />
  </action>
  <action id="Github.PullRequest.Diff.Comment.Create">
    <keyboard-shortcut first-keystroke="shift ctrl x" />
    <keyboard-shortcut first-keystroke="ctrl d" />
  </action>
  <action id="Go.NewGoFile">
    <keyboard-shortcut first-keystroke="alt n" second-keystroke="g" />
  </action>
  <action id="GotoAction">
    <keyboard-shortcut first-keystroke="shift ctrl a" />
    <keyboard-shortcut first-keystroke="alt p" />
  </action>
  <action id="GotoClass">
    <keyboard-shortcut first-keystroke="alt o" />
  </action>
  <action id="GotoDeclaration">
    <mouse-shortcut keystroke="control button1" />
    <mouse-shortcut keystroke="button2" />
  </action>
  <action id="GotoFile">
    <keyboard-shortcut first-keystroke="shift ctrl n" />
    <keyboard-shortcut first-keystroke="shift alt o" />
  </action>
  <action id="GotoImplementation">
    <mouse-shortcut keystroke="control alt button1" />
    <keyboard-shortcut first-keystroke="ctrl alt u" />
  </action>
  <action id="GotoLine" />
  <action id="GotoNextError" />
  <action id="GotoRelated">
    <keyboard-shortcut first-keystroke="ctrl alt home" />
    <keyboard-shortcut first-keystroke="ctrl g" />
  </action>
  <action id="GotoSymbol">
    <keyboard-shortcut first-keystroke="ctrl alt o" />
  </action>
  <action id="GotoTest">
    <keyboard-shortcut first-keystroke="shift ctrl t" />
    <keyboard-shortcut first-keystroke="ctrl t" />
  </action>
  <action id="GotoTypeDeclaration">
    <mouse-shortcut keystroke="shift control button1" />
  </action>
  <action id="Groovy.Shell.Execute" />
  <action id="Gsonformat" />
  <action id="GuiDesigner.Duplicate" />
  <action id="GuiDesigner.QuickJavadoc">
    <mouse-shortcut keystroke="alt button2" />
  </action>
  <action id="GuiDesigner.ShrinkSelection" />
  <action id="HippieCompletion" />
  <action id="Images.Thumbnails.Hide" />
  <action id="Images.Thumbnails.UpFolder" />
  <action id="InsertLiveTemplate" />
  <action id="IntroduceConstant" />
  <action id="IntroduceVariable" />
  <action id="Jdbc.OpenEditor.Data">
    <keyboard-shortcut first-keystroke="ctrl enter" />
  </action>
  <action id="JumpToBuildFileAction">
    <keyboard-shortcut first-keystroke="alt n" second-keystroke="b" />
  </action>
  <action id="JumpToLastWindow" />
  <action id="Kotlin.NewFile">
    <keyboard-shortcut first-keystroke="alt n" second-keystroke="alt k" />
    <keyboard-shortcut first-keystroke="alt n" second-keystroke="k" />
  </action>
  <action id="KotlinConsoleREPL">
    <keyboard-shortcut first-keystroke="alt f10" />
  </action>
  <action id="MethodDown" />
  <action id="MethodHierarchy" />
  <action id="MethodUp" />
  <action id="Move" />
  <action id="MoveEditorToOppositeTabGroup">
    <keyboard-shortcut first-keystroke="ctrl alt w" />
  </action>
  <action id="MoveElementLeft">
    <keyboard-shortcut first-keystroke="shift left" />
  </action>
  <action id="MoveElementRight">
    <keyboard-shortcut first-keystroke="shift right" />
  </action>
  <action id="MoveStatementDown">
    <keyboard-shortcut first-keystroke="shift ctrl down" />
    <keyboard-shortcut first-keystroke="shift ctrl j" />
    <keyboard-shortcut first-keystroke="shift down" />
  </action>
  <action id="MoveStatementUp">
    <keyboard-shortcut first-keystroke="shift ctrl up" />
    <keyboard-shortcut first-keystroke="shift ctrl k" />
    <keyboard-shortcut first-keystroke="shift up" />
  </action>
  <action id="MoveTabRight">
    <keyboard-shortcut first-keystroke="alt z" />
  </action>
  <action id="Mvc.RunTarget" />
  <action id="NavBar-cancel">
    <keyboard-shortcut first-keystroke="escape" />
  </action>
  <action id="NavBar-navigate">
    <keyboard-shortcut first-keystroke="alt g" />
  </action>
  <action id="NewClass">
    <keyboard-shortcut first-keystroke="alt n" second-keystroke="j" />
  </action>
  <action id="NewDir">
    <keyboard-shortcut first-keystroke="alt n" second-keystroke="p" />
  </action>
  <action id="NewFile">
    <keyboard-shortcut first-keystroke="alt n" second-keystroke="alt n" />
  </action>
  <action id="NewJavaScriptFile">
    <keyboard-shortcut first-keystroke="alt n" second-keystroke="alt j" />
  </action>
  <action id="NewTypeScriptFile">
    <keyboard-shortcut first-keystroke="alt n" second-keystroke="t" />
  </action>
  <action id="NextDiff">
    <keyboard-shortcut first-keystroke="alt down" />
    <keyboard-shortcut first-keystroke="ctrl alt j" />
  </action>
  <action id="NextOccurence">
    <keyboard-shortcut first-keystroke="ctrl period" />
  </action>
  <action id="NextSplitter">
    <keyboard-shortcut first-keystroke="alt l" />
  </action>
  <action id="NextTab">
    <keyboard-shortcut first-keystroke="alt i" />
  </action>
  <action id="OpenModuleSettings">
    <keyboard-shortcut first-keystroke="alt g" />
  </action>
  <action id="OptimizeImports" />
  <action id="OverrideMethods" />
  <action id="PackageFile" />
  <action id="PrevSplitter">
    <keyboard-shortcut first-keystroke="alt h" />
  </action>
  <action id="PreviousDiff">
    <keyboard-shortcut first-keystroke="f6" />
    <keyboard-shortcut first-keystroke="alt up" />
    <keyboard-shortcut first-keystroke="ctrl alt k" />
  </action>
  <action id="PreviousOccurence">
    <keyboard-shortcut first-keystroke="shift f3" />
    <keyboard-shortcut first-keystroke="ctrl comma" />
  </action>
  <action id="PreviousTab">
    <keyboard-shortcut first-keystroke="alt u" />
  </action>
  <action id="ProjectViewEditSource">
    <keyboard-shortcut first-keystroke="alt g" />
  </action>
  <action id="QuickChangeScheme" />
  <action id="QuickDocCopy">
    <keyboard-shortcut first-keystroke="ctrl insert" />
    <keyboard-shortcut first-keystroke="alt c" />
    <keyboard-shortcut first-keystroke="ctrl c" />
  </action>
  <action id="QuickEvaluateExpression">
    <keyboard-shortcut first-keystroke="ctrl alt 8" />
  </action>
  <action id="QuickJavaDoc">
    <mouse-shortcut keystroke="alt button2" />
    <mouse-shortcut keystroke="button6" />
  </action>
  <action id="RecentFiles">
    <keyboard-shortcut first-keystroke="alt y" />
  </action>
  <action id="RecentLocations">
    <keyboard-shortcut first-keystroke="shift ctrl e" />
    <keyboard-shortcut first-keystroke="shift alt y" />
  </action>
  <action id="Refactorings.QuickListPopupAction">
    <keyboard-shortcut first-keystroke="alt d" />
  </action>
  <action id="ReformatCode">
    <keyboard-shortcut first-keystroke="alt f" />
  </action>
  <action id="Refresh">
    <keyboard-shortcut first-keystroke="ctrl r" />
  </action>
  <action id="RemoteHostView.CopyPaths">
    <keyboard-shortcut first-keystroke="ctrl c" />
  </action>
  <action id="RemoteHostView.Rename" />
  <action id="RenameElement" />
  <action id="RenameFavoritesList" />
  <action id="ReopenClosedTab">
    <keyboard-shortcut first-keystroke="ctrl alt m" />
    <keyboard-shortcut first-keystroke="alt context_menu" />
  </action>
  <action id="Replace">
    <keyboard-shortcut first-keystroke="alt r" />
  </action>
  <action id="Resume">
    <mouse-shortcut keystroke="alt button3" />
  </action>
  <action id="Run">
    <keyboard-shortcut first-keystroke="f10" />
  </action>
  <action id="RunConfigurationAsAction_Debug_IDEA Community FIR_default_target">
    <keyboard-shortcut first-keystroke="f5" />
  </action>
  <action id="RunConfigurationAsAction_Run_FIR Compiler Analysis Tests_default_target">
    <keyboard-shortcut first-keystroke="shift ctrl alt f" />
  </action>
  <action id="RunConfigurationAsAction_Run_Fir Compiler Analysis Test_default_target">
    <keyboard-shortcut first-keystroke="shift ctrl alt f" />
  </action>
  <action id="RunConfigurationAsAction_Run_Generate All Tests_default_target">
    <keyboard-shortcut first-keystroke="shift ctrl alt t" />
  </action>
  <action id="RunConfigurationAsAction_Run_Generate FIR Checker Components and FIR/IDE Diagnostics_default_target">
    <keyboard-shortcut first-keystroke="shift ctrl alt c" />
  </action>
  <action id="RunConfigurationAsAction_Run_High Level Tests_default_target">
    <keyboard-shortcut first-keystroke="shift ctrl alt q" />
  </action>
  <action id="RunConfigurationAsAction_Run_Orbitera Web Server (Baros Demo)">
    <keyboard-shortcut first-keystroke="alt f10" />
  </action>
  <action id="RunDashboard.CopyConfiguration" />
  <action id="RunDashboard.EditConfiguration" />
  <action id="RunToCursor">
    <keyboard-shortcut first-keystroke="alt f9" />
  </action>
  <action id="Scala.ShowImplicits">
    <keyboard-shortcut first-keystroke="shift ctrl alt equals" />
    <keyboard-shortcut first-keystroke="shift ctrl alt add" />
  </action>
  <action id="ScrollFromSource" />
  <action id="SelectInProjectView">
    <keyboard-shortcut first-keystroke="alt s" />
  </action>
  <action id="SelectNextOccurrence" />
  <action id="SendEOF" />
  <action id="ShelvedChanges.Rename" />
  <action id="ShiftDownAction">
    <keyboard-shortcut first-keystroke="shift ctrl alt comma" />
  </action>
  <action id="ShiftDownMoreAction">
    <keyboard-shortcut first-keystroke="shift ctrl alt j" />
    <keyboard-shortcut first-keystroke="shift alt comma" />
  </action>
  <action id="ShiftUpAction">
    <keyboard-shortcut first-keystroke="shift ctrl alt period" />
  </action>
  <action id="ShiftUpMoreAction">
    <keyboard-shortcut first-keystroke="shift ctrl alt k" />
    <keyboard-shortcut first-keystroke="shift alt period" />
  </action>
  <action id="ShowBookmarks">
    <keyboard-shortcut first-keystroke="shift f11" />
    <keyboard-shortcut first-keystroke="ctrl alt y" />
  </action>
  <action id="ShowErrorDescription" />
  <action id="ShowExecutionPoint" />
  <action id="ShowIntentionActions">
    <keyboard-shortcut first-keystroke="alt enter" />
    <keyboard-shortcut first-keystroke="alt a" />
  </action>
  <action id="ShowLog">
    <keyboard-shortcut first-keystroke="alt f2" />
  </action>
  <action id="ShowProjectStructureSettings">
    <keyboard-shortcut first-keystroke="shift ctrl alt s" />
    <keyboard-shortcut first-keystroke="ctrl f1" />
  </action>
  <action id="ShowSettings">
    <keyboard-shortcut first-keystroke="ctrl alt s" />
    <keyboard-shortcut first-keystroke="f1" />
  </action>
  <action id="ShowUmlDiagramPopup" />
  <action id="SmartStepInto" />
  <action id="SmartUnSelect" />
  <action id="StepInto">
    <mouse-shortcut keystroke="alt button1" />
  </action>
  <action id="StepOut">
    <mouse-shortcut keystroke="alt button143" />
  </action>
  <action id="StepOver">
    <keyboard-shortcut first-keystroke="f6" />
    <mouse-shortcut keystroke="alt button142" />
  </action>
  <action id="Stop">
    <keyboard-shortcut first-keystroke="f2" />
  </action>
  <action id="SurroundWith">
    <keyboard-shortcut first-keystroke="ctrl alt t" />
    <keyboard-shortcut first-keystroke="alt e" />
  </action>
  <action id="SurroundWithLiveTemplate" />
  <action id="SwitchApply">
    <keyboard-shortcut first-keystroke="shift alt enter" />
  </action>
  <action id="SwitchDown">
    <keyboard-shortcut first-keystroke="shift alt down" />
  </action>
  <action id="SwitchLeft">
    <keyboard-shortcut first-keystroke="shift alt left" />
  </action>
  <action id="SwitchRight">
    <keyboard-shortcut first-keystroke="shift alt right" />
  </action>
  <action id="SwitchUp">
    <keyboard-shortcut first-keystroke="shift alt up" />
  </action>
  <action id="Switcher">
    <keyboard-shortcut first-keystroke="alt q" />
  </action>
  <action id="SwitcherIterateItems">
    <keyboard-shortcut first-keystroke="alt y" />
  </action>
  <action id="SwitcherRecentEditedChangedToggleCheckBox">
    <keyboard-shortcut first-keystroke="alt y" />
  </action>
  <action id="Synchronize" />
  <action id="TableResult.UnselectPreviousOccurrence" />
  <action id="Terminal.CopySelectedText">
    <keyboard-shortcut first-keystroke="ctrl c" />
    <keyboard-shortcut first-keystroke="ctrl insert" />
  </action>
  <action id="Terminal.Paste">
    <keyboard-shortcut first-keystroke="shift ctrl v" />
    <keyboard-shortcut first-keystroke="shift insert" />
    <keyboard-shortcut first-keystroke="alt v" />
  </action>
  <action id="Terminal.SwitchFocusToEditor" />
  <action id="TodoViewGroupByFlattenPackage" />
  <action id="TodoViewGroupByShowModules" />
  <action id="ToggleBookmark">
    <keyboard-shortcut first-keystroke="f11" />
    <keyboard-shortcut first-keystroke="ctrl y" />
  </action>
  <action id="Tool_External Tools_Show CI">
    <keyboard-shortcut first-keystroke="ctrl alt c" />
  </action>
  <action id="Tool_External Tools_Show Diagnostics Diff">
    <keyboard-shortcut first-keystroke="ctrl alt v" />
  </action>
  <action id="Tool_External Tools_Show Diagnostics Report">
    <keyboard-shortcut first-keystroke="ctrl alt b" />
  </action>
  <action id="TypeHierarchy" />
  <action id="UnselectPreviousOccurrence" />
  <action id="UpdateRunningApplication" />
  <action id="UsageView.Include" />
  <action id="Vcs.EditSource">
    <keyboard-shortcut first-keystroke="alt g" />
  </action>
  <action id="Vcs.MoveChangedLinesToChangelist" />
  <action id="Vcs.Push" />
  <action id="Vcs.QuickListPopupAction" />
  <action id="Vcs.Show.Local.Changes">
    <keyboard-shortcut first-keystroke="shift alt 9" />
  </action>
  <action id="Vcs.ShowMessageHistory">
    <keyboard-shortcut first-keystroke="ctrl m" />
  </action>
  <action id="Vcs.ToggleAmendCommitMode" />
  <action id="Vcs.UpdateProject" />
  <action id="VcsShowNextChangeMarker">
    <keyboard-shortcut first-keystroke="shift ctrl alt down" />
    <keyboard-shortcut first-keystroke="ctrl alt j" />
    <keyboard-shortcut first-keystroke="alt down" />
    <keyboard-shortcut first-keystroke="alt period" />
  </action>
  <action id="VcsShowPrevChangeMarker">
    <keyboard-shortcut first-keystroke="shift ctrl alt up" />
    <keyboard-shortcut first-keystroke="ctrl alt k" />
    <keyboard-shortcut first-keystroke="alt up" />
    <keyboard-shortcut first-keystroke="alt comma" />
  </action>
  <action id="View PSI element at caret" />
  <action id="ViewSource" />
  <action id="WelcomeScreen.CopyProjectPath" />
  <action id="XDebugger.CopyWatch" />
  <action id="XDebugger.JumpToSource">
    <keyboard-shortcut first-keystroke="alt g" />
  </action>
  <action id="XDebugger.NewWatch" />
  <action id="android.deploy.ApplyChanges">
    <keyboard-shortcut first-keystroke="ctrl f10" />
  </action>
  <action id="android.deploy.CodeSwap">
    <keyboard-shortcut first-keystroke="ctrl alt f10" />
  </action>
  <action id="com.andrewbrookins.idea.wrap.WrapAction">
    <keyboard-shortcut first-keystroke="shift ctrl meta w" />
  </action>
  <action id="com.intellij.space.vcs.SpaceVcsOpenInBrowserActionGroup">
    <keyboard-shortcut first-keystroke="f3" />
  </action>
  <action id="editRunConfigurations">
    <keyboard-shortcut first-keystroke="ctrl q" />
  </action>
  <action id="org.intellij.plugins.markdown.ui.actions.styling.ToggleCodeSpanAction" />
  <action id="osmedile.intellij.stringmanip.PopupChoiceAction" />
  <action id="refactoring.extract.dependency" />
  <action id="tasks.open.in.browser" />
</keymap>