<keymap version="1" name="Default for XWin copy" parent="Default for XWin">
  <action id="$Copy">
    <keyboard-shortcut first-keystroke="ctrl insert" />
    <keyboard-shortcut first-keystroke="alt c" />
    <keyboard-shortcut first-keystroke="ctrl c" />
  </action>
  <action id="$Paste">
    <keyboard-shortcut first-keystroke="ctrl v" />
    <keyboard-shortcut first-keystroke="shift insert" />
    <keyboard-shortcut first-keystroke="alt v" />
  </action>
  <action id="$SelectAll" />
  <action id="ActivateBlazeConsoleToolWindow">
    <keyboard-shortcut first-keystroke="alt 0" />
  </action>
  <action id="ActivateBlazeProblemsToolWindow">
    <keyboard-shortcut first-keystroke="alt 8" />
  </action>
  <action id="ActivateDatabaseToolWindow">
    <keyboard-shortcut first-keystroke="alt 2" />
  </action>
  <action id="ActivateFavoritesToolWindow" />
  <action id="ActivateFindToolWindow">
    <keyboard-shortcut first-keystroke="alt 3" />
    <keyboard-shortcut first-keystroke="ctrl f" />
  </action>
  <action id="ActivateTerminalToolWindow">
    <keyboard-shortcut first-keystroke="alt f12" />
    <keyboard-shortcut first-keystroke="f10" />
  </action>
  <action id="Android.TraceViewSearch">
    <keyboard-shortcut first-keystroke="alt f3" />
  </action>
  <action id="Annotate">
    <keyboard-shortcut first-keystroke="ctrl b" />
  </action>
  <action id="Back">
    <keyboard-shortcut first-keystroke="ctrl alt left" />
    <mouse-shortcut keystroke="button4" />
    <keyboard-shortcut first-keystroke="ctrl o" />
  </action>
  <action id="Blaze.FullSyncProject">
    <keyboard-shortcut first-keystroke="ctrl alt b" />
  </action>
  <action id="Blaze.IncrementalSyncProject">
    <keyboard-shortcut first-keystroke="alt b" />
  </action>
  <action id="Blaze.OpenCorrespondingBuildFile">
    <keyboard-shortcut first-keystroke="shift alt b" />
  </action>
  <action id="Blaze.OpenInCodeSearch">
    <keyboard-shortcut first-keystroke="alt g" />
  </action>
  <action id="CheckinProject" />
  <action id="CloseAllEditorsButActive">
    <keyboard-shortcut first-keystroke="shift alt j" />
  </action>
  <action id="CloseContent">
    <keyboard-shortcut first-keystroke="ctrl f4" />
    <keyboard-shortcut first-keystroke="alt j" />
  </action>
  <action id="CodesearchSearchAction">
    <keyboard-shortcut first-keystroke="alt p" />
  </action>
  <action id="Compile">
    <keyboard-shortcut first-keystroke="shift ctrl f5" />
  </action>
  <action id="CompileDirty" />
  <action id="Console.Jpa.Execute" />
  <action id="Console.Open">
    <keyboard-shortcut first-keystroke="ctrl space" />
  </action>
  <action id="Console.SplitLine" />
  <action id="Console.TableResult.NavigateForeignAction">
    <mouse-shortcut keystroke="control button1" />
  </action>
  <action id="Console.TableResult.Reload" />
  <action id="ContextHelp" />
  <action id="DatabaseView.GenerateDDLAction" />
  <action id="DebugClass">
    <keyboard-shortcut first-keystroke="shift ctrl f9" />
  </action>
  <action id="Diff.NextChange">
    <keyboard-shortcut first-keystroke="alt i" />
  </action>
  <action id="Diff.PrevChange">
    <keyboard-shortcut first-keystroke="alt u" />
  </action>
  <action id="Diff.SelectedChange">
    <keyboard-shortcut first-keystroke="ctrl n" />
  </action>
  <action id="Django.RunManageTaskAction" />
  <action id="Editor Copy">
    <keyboard-shortcut first-keystroke="alt c" />
    <keyboard-shortcut first-keystroke="ctrl c" />
  </action>
  <action id="Editor Paste">
    <keyboard-shortcut first-keystroke="alt v" />
  </action>
  <action id="EditorChooseLookupItemAlways" />
  <action id="EditorDown">
    <keyboard-shortcut first-keystroke="down" />
    <keyboard-shortcut first-keystroke="ctrl j" />
  </action>
  <action id="EditorDownWithSelection" />
  <action id="EditorEnter">
    <keyboard-shortcut first-keystroke="enter" />
    <keyboard-shortcut first-keystroke="shift enter" />
  </action>
  <action id="EditorJoinLines" />
  <action id="EditorLeft">
    <keyboard-shortcut first-keystroke="left" />
    <keyboard-shortcut first-keystroke="ctrl h" />
  </action>
  <action id="EditorLeftWithSelection" />
  <action id="EditorLineEnd">
    <keyboard-shortcut first-keystroke="end" />
    <keyboard-shortcut first-keystroke="ctrl e" />
  </action>
  <action id="EditorLineStart">
    <keyboard-shortcut first-keystroke="home" />
    <keyboard-shortcut first-keystroke="ctrl a" />
  </action>
  <action id="EditorPasteFromX11" />
  <action id="EditorRight">
    <keyboard-shortcut first-keystroke="right" />
    <keyboard-shortcut first-keystroke="ctrl l" />
  </action>
  <action id="EditorRightWithSelection" />
  <action id="EditorSplitLine" />
  <action id="EditorStartNewLine" />
  <action id="EditorStartNewLineBefore" />
  <action id="EditorUnSelectWord">
    <keyboard-shortcut first-keystroke="shift ctrl w" />
    <keyboard-shortcut first-keystroke="alt w" />
  </action>
  <action id="EditorUp">
    <keyboard-shortcut first-keystroke="up" />
    <keyboard-shortcut first-keystroke="ctrl k" />
  </action>
  <action id="EditorUpWithSelection" />
  <action id="ExportToTextFile" />
  <action id="ExpressionTypeInfo">
    <keyboard-shortcut first-keystroke="shift ctrl p" />
    <keyboard-shortcut first-keystroke="alt t" />
  </action>
  <action id="FileStructurePopup">
    <keyboard-shortcut first-keystroke="ctrl f12" />
    <keyboard-shortcut first-keystroke="alt slash" />
  </action>
  <action id="FindModal">
    <keyboard-shortcut first-keystroke="ctrl f" />
  </action>
  <action id="FindNext" />
  <action id="FindPrevious" />
  <action id="ForceStepOver">
    <keyboard-shortcut first-keystroke="shift f6" />
  </action>
  <action id="Forward">
    <keyboard-shortcut first-keystroke="ctrl alt right" />
    <mouse-shortcut keystroke="button5" />
    <keyboard-shortcut first-keystroke="shift ctrl o" />
  </action>
  <action id="Generate">
    <keyboard-shortcut first-keystroke="alt insert" />
    <keyboard-shortcut first-keystroke="alt equals" />
  </action>
  <action id="Git.CompareWithBranch">
    <keyboard-shortcut first-keystroke="shift ctrl b" />
  </action>
  <action id="Git.ResolveConflicts">
    <keyboard-shortcut first-keystroke="ctrl alt r" />
  </action>
  <action id="Go.NewGoFile">
    <keyboard-shortcut first-keystroke="alt n" second-keystroke="g" />
  </action>
  <action id="GotoAction">
    <keyboard-shortcut first-keystroke="shift ctrl a" />
    <keyboard-shortcut first-keystroke="alt p" />
  </action>
  <action id="GotoClass">
    <keyboard-shortcut first-keystroke="alt o" />
  </action>
  <action id="GotoDeclaration">
    <mouse-shortcut keystroke="control button1" />
    <mouse-shortcut keystroke="button2" />
  </action>
  <action id="GotoFile">
    <keyboard-shortcut first-keystroke="shift ctrl n" />
    <keyboard-shortcut first-keystroke="shift alt o" />
  </action>
  <action id="GotoImplementation">
    <mouse-shortcut keystroke="control alt button1" />
    <keyboard-shortcut first-keystroke="ctrl alt u" />
  </action>
  <action id="GotoNextError" />
  <action id="GotoRelated">
    <keyboard-shortcut first-keystroke="ctrl alt home" />
    <keyboard-shortcut first-keystroke="ctrl b" />
  </action>
  <action id="GotoSymbol">
    <keyboard-shortcut first-keystroke="ctrl alt o" />
  </action>
  <action id="GotoTest">
    <keyboard-shortcut first-keystroke="shift ctrl t" />
    <keyboard-shortcut first-keystroke="ctrl t" />
  </action>
  <action id="GotoTypeDeclaration">
    <mouse-shortcut keystroke="shift control button1" />
  </action>
  <action id="Groovy.Shell.Execute" />
  <action id="Gsonformat" />
  <action id="GuiDesigner.QuickJavadoc">
    <mouse-shortcut keystroke="alt button2" />
  </action>
  <action id="HippieCompletion" />
  <action id="InsertLiveTemplate" />
  <action id="Jdbc.OpenEditor.Data">
    <keyboard-shortcut first-keystroke="ctrl enter" />
  </action>
  <action id="JumpToBuildFileAction">
    <keyboard-shortcut first-keystroke="alt n" second-keystroke="b" />
  </action>
  <action id="Kotlin.NewFile">
    <keyboard-shortcut first-keystroke="alt n" second-keystroke="alt k" />
    <keyboard-shortcut first-keystroke="alt n" second-keystroke="k" />
  </action>
  <action id="KotlinConsoleREPL">
    <keyboard-shortcut first-keystroke="alt f10" />
  </action>
  <action id="MethodDown" />
  <action id="MethodHierarchy" />
  <action id="MethodUp" />
  <action id="Move" />
  <action id="MoveEditorToOppositeTabGroup">
    <keyboard-shortcut first-keystroke="ctrl alt w" />
  </action>
  <action id="MoveElementLeft">
    <keyboard-shortcut first-keystroke="shift left" />
    <keyboard-shortcut first-keystroke="alt left" />
  </action>
  <action id="MoveElementRight">
    <keyboard-shortcut first-keystroke="shift right" />
    <keyboard-shortcut first-keystroke="alt right" />
  </action>
  <action id="MoveStatementDown">
    <keyboard-shortcut first-keystroke="shift ctrl down" />
    <keyboard-shortcut first-keystroke="shift ctrl j" />
    <keyboard-shortcut first-keystroke="shift down" />
  </action>
  <action id="MoveStatementUp">
    <keyboard-shortcut first-keystroke="shift ctrl up" />
    <keyboard-shortcut first-keystroke="shift ctrl k" />
    <keyboard-shortcut first-keystroke="shift up" />
  </action>
  <action id="NewClass">
    <keyboard-shortcut first-keystroke="alt n" second-keystroke="j" />
  </action>
  <action id="NewDir">
    <keyboard-shortcut first-keystroke="alt n" second-keystroke="p" />
  </action>
  <action id="NewFile">
    <keyboard-shortcut first-keystroke="alt n" second-keystroke="alt n" />
  </action>
  <action id="NewJavaScriptFile">
    <keyboard-shortcut first-keystroke="alt n" second-keystroke="alt j" />
  </action>
  <action id="NewTypeScriptFile">
    <keyboard-shortcut first-keystroke="alt n" second-keystroke="t" />
  </action>
  <action id="NextOccurence">
    <keyboard-shortcut first-keystroke="ctrl alt down" />
    <keyboard-shortcut first-keystroke="f3" />
  </action>
  <action id="NextSplitter">
    <keyboard-shortcut first-keystroke="alt l" />
  </action>
  <action id="NextTab">
    <keyboard-shortcut first-keystroke="alt i" />
  </action>
  <action id="OptimizeImports" />
  <action id="OverrideMethods" />
  <action id="PackageFile" />
  <action id="PrevSplitter">
    <keyboard-shortcut first-keystroke="alt h" />
  </action>
  <action id="PreviousOccurence">
    <keyboard-shortcut first-keystroke="ctrl alt up" />
    <keyboard-shortcut first-keystroke="shift f3" />
  </action>
  <action id="PreviousTab">
    <keyboard-shortcut first-keystroke="alt u" />
  </action>
  <action id="QuickDocCopy">
    <keyboard-shortcut first-keystroke="ctrl insert" />
    <keyboard-shortcut first-keystroke="alt c" />
    <keyboard-shortcut first-keystroke="ctrl c" />
  </action>
  <action id="QuickJavaDoc">
    <mouse-shortcut keystroke="alt button2" />
    <mouse-shortcut keystroke="button6" />
  </action>
  <action id="RecentFiles" />
  <action id="Refactorings.QuickListPopupAction">
    <keyboard-shortcut first-keystroke="shift ctrl alt t" />
    <keyboard-shortcut first-keystroke="alt d" />
  </action>
  <action id="ReformatCode">
    <keyboard-shortcut first-keystroke="ctrl alt l" />
    <keyboard-shortcut first-keystroke="alt f" />
  </action>
  <action id="RemoteHostView.CopyPaths">
    <keyboard-shortcut first-keystroke="ctrl c" />
  </action>
  <action id="RemoteHostView.Rename" />
  <action id="RenameElement" />
  <action id="RenameFavoritesList" />
  <action id="ReopenClosedTab">
    <keyboard-shortcut first-keystroke="alt k" />
  </action>
  <action id="Replace">
    <keyboard-shortcut first-keystroke="alt r" />
  </action>
  <action id="Resume">
    <keyboard-shortcut first-keystroke="f8" />
    <mouse-shortcut keystroke="alt button3" />
  </action>
  <action id="RunConfigurationAsAction_ConcurrencyExecutor_Orbitera API Server">
    <keyboard-shortcut first-keystroke="f9" />
  </action>
  <action id="RunConfigurationAsAction_ConcurrencyExecutor_server.go">
    <keyboard-shortcut first-keystroke="f9" />
  </action>
  <action id="RunConfigurationAsAction_Run_Orbitera API Server">
    <keyboard-shortcut first-keystroke="f10" />
  </action>
  <action id="RunConfigurationAsAction_Run_Orbitera Web Server (Baros Demo)">
    <keyboard-shortcut first-keystroke="alt f10" />
  </action>
  <action id="RunConfigurationAsAction_Run_server.go">
    <keyboard-shortcut first-keystroke="f10" />
  </action>
  <action id="RunToCursor">
    <keyboard-shortcut first-keystroke="alt f9" />
    <mouse-shortcut keystroke="alt button1" />
  </action>
  <action id="ScrollFromSource">
    <keyboard-shortcut first-keystroke="alt s" />
  </action>
  <action id="SelectNextOccurrence" />
  <action id="ShelvedChanges.Rename" />
  <action id="ShiftDownAction">
    <keyboard-shortcut first-keystroke="shift ctrl alt comma" />
    <keyboard-shortcut first-keystroke="alt comma" />
  </action>
  <action id="ShiftDownMoreAction">
    <keyboard-shortcut first-keystroke="shift ctrl alt j" />
    <keyboard-shortcut first-keystroke="shift alt comma" />
  </action>
  <action id="ShiftUpAction">
    <keyboard-shortcut first-keystroke="shift ctrl alt period" />
    <keyboard-shortcut first-keystroke="alt period" />
  </action>
  <action id="ShiftUpMoreAction">
    <keyboard-shortcut first-keystroke="shift ctrl alt k" />
    <keyboard-shortcut first-keystroke="shift alt period" />
  </action>
  <action id="ShowErrorDescription" />
  <action id="ShowExecutionPoint" />
  <action id="ShowIntentionActions">
    <keyboard-shortcut first-keystroke="alt enter" />
    <keyboard-shortcut first-keystroke="alt a" />
  </action>
  <action id="ShowProjectStructureSettings">
    <keyboard-shortcut first-keystroke="shift ctrl alt s" />
    <keyboard-shortcut first-keystroke="ctrl f1" />
  </action>
  <action id="ShowSettings">
    <keyboard-shortcut first-keystroke="ctrl alt s" />
    <keyboard-shortcut first-keystroke="f1" />
  </action>
  <action id="ShowUmlDiagramPopup" />
  <action id="StepOut">
    <keyboard-shortcut first-keystroke="shift f8" />
    <mouse-shortcut keystroke="alt button143" />
  </action>
  <action id="StepOver">
    <keyboard-shortcut first-keystroke="f6" />
    <mouse-shortcut keystroke="alt button142" />
  </action>
  <action id="Stop">
    <keyboard-shortcut first-keystroke="f2" />
  </action>
  <action id="SurroundWith">
    <keyboard-shortcut first-keystroke="ctrl alt t" />
    <keyboard-shortcut first-keystroke="alt e" />
  </action>
  <action id="SurroundWithLiveTemplate" />
  <action id="SwitchApply">
    <keyboard-shortcut first-keystroke="shift alt enter" />
  </action>
  <action id="SwitchDown">
    <keyboard-shortcut first-keystroke="shift alt down" />
  </action>
  <action id="SwitchLeft">
    <keyboard-shortcut first-keystroke="shift alt left" />
  </action>
  <action id="SwitchRight">
    <keyboard-shortcut first-keystroke="shift alt right" />
  </action>
  <action id="SwitchUp">
    <keyboard-shortcut first-keystroke="shift alt up" />
  </action>
  <action id="Switcher" />
  <action id="TableResult.UnselectPreviousOccurrence" />
  <action id="TypeHierarchy" />
  <action id="UnselectPreviousOccurrence" />
  <action id="UpdateRunningApplication" />
  <action id="Vcs.Push" />
  <action id="Vcs.ShowMessageHistory">
    <keyboard-shortcut first-keystroke="ctrl m" />
  </action>
  <action id="Vcs.UpdateProject" />
  <action id="VcsShowNextChangeMarker">
    <keyboard-shortcut first-keystroke="shift ctrl alt down" />
    <keyboard-shortcut first-keystroke="ctrl alt j" />
    <keyboard-shortcut first-keystroke="alt down" />
  </action>
  <action id="VcsShowPrevChangeMarker">
    <keyboard-shortcut first-keystroke="shift ctrl alt up" />
    <keyboard-shortcut first-keystroke="ctrl alt k" />
    <keyboard-shortcut first-keystroke="alt up" />
  </action>
  <action id="ViewSource" />
  <action id="android.deploy.ApplyChanges">
    <keyboard-shortcut first-keystroke="ctrl f10" />
  </action>
  <action id="android.deploy.CodeSwap">
    <keyboard-shortcut first-keystroke="ctrl alt f10" />
  </action>
  <action id="com.andrewbrookins.idea.wrap.WrapAction">
    <keyboard-shortcut first-keystroke="shift ctrl meta w" />
    <keyboard-shortcut first-keystroke="ctrl q" />
  </action>
  <action id="editRunConfigurations">
    <keyboard-shortcut first-keystroke="ctrl r" />
  </action>
  <action id="org.intellij.plugins.markdown.ui.actions.styling.ToggleCodeSpanAction" />
  <action id="osmedile.intellij.stringmanip.DuplicateAndDecrementAction">
    <keyboard-shortcut first-keystroke="alt x" />
  </action>
  <action id="osmedile.intellij.stringmanip.DuplicateAndIncrementAction">
    <keyboard-shortcut first-keystroke="alt z" />
  </action>
  <action id="tasks.open.in.browser" />
</keymap>