<application>
  <component name="libraryTable">
    <library name="Bundled Protobuf Distribution">
      <CLASSES />
      <JAVADOC />
      <SOURCES>
        <root url="jar://$APPLICATION_PLUGINS_DIR$/protobuf-jetbrains-plugin/lib/protobuf-java-3.6.1-sources.jar!/" />
      </SOURCES>
    </library>
    <library name="Python 2.7 interpreter library">
      <CLASSES>
        <root url="file:///usr/local/buildtools/current/sitecustomize" />
        <root url="file:///usr/lib/python2.7" />
        <root url="file:///usr/lib/python2.7/plat-x86_64-linux-gnu" />
        <root url="file:///usr/lib/python2.7/lib-tk" />
        <root url="file:///usr/lib/python2.7/lib-dynload" />
        <root url="file://$USER_HOME$/.local/lib/python2.7/site-packages" />
        <root url="file:///usr/local/lib/python2.7/dist-packages" />
        <root url="file:///usr/lib/python2.7/dist-packages" />
        <root url="file:///usr/lib/python2.7/dist-packages/gtk-2.0" />
        <root url="file://$USER_HOME$/.cache/JetBrains/IdeaIC2020.1/python_stubs/-1247972723" />
        <root url="file://$APPLICATION_PLUGINS_DIR$/python-ce/helpers/python-skeletons" />
        <root url="file://$APPLICATION_PLUGINS_DIR$/python-ce/helpers/typeshed/stdlib/2" />
        <root url="file://$APPLICATION_PLUGINS_DIR$/python-ce/helpers/typeshed/stdlib/2and3" />
        <root url="file://$APPLICATION_PLUGINS_DIR$/python-ce/helpers/typeshed/third_party/2" />
        <root url="file://$APPLICATION_PLUGINS_DIR$/python-ce/helpers/typeshed/third_party/2and3" />
      </CLASSES>
      <JAVADOC />
      <SOURCES>
        <root url="file:///usr/local/buildtools/current/sitecustomize" />
        <root url="file:///usr/lib/python2.7" />
        <root url="file:///usr/lib/python2.7/plat-x86_64-linux-gnu" />
        <root url="file:///usr/lib/python2.7/lib-tk" />
        <root url="file:///usr/lib/python2.7/lib-dynload" />
        <root url="file://$USER_HOME$/.local/lib/python2.7/site-packages" />
        <root url="file:///usr/local/lib/python2.7/dist-packages" />
        <root url="file:///usr/lib/python2.7/dist-packages" />
        <root url="file:///usr/lib/python2.7/dist-packages/gtk-2.0" />
        <root url="file://$USER_HOME$/.cache/JetBrains/IdeaIC2020.1/python_stubs/-1247972723" />
        <root url="file://$APPLICATION_PLUGINS_DIR$/python-ce/helpers/python-skeletons" />
        <root url="file://$APPLICATION_PLUGINS_DIR$/python-ce/helpers/typeshed/stdlib/2" />
        <root url="file://$APPLICATION_PLUGINS_DIR$/python-ce/helpers/typeshed/stdlib/2and3" />
        <root url="file://$APPLICATION_PLUGINS_DIR$/python-ce/helpers/typeshed/third_party/2" />
        <root url="file://$APPLICATION_PLUGINS_DIR$/python-ce/helpers/typeshed/third_party/2and3" />
      </SOURCES>
    </library>
  </component>
</application>