<application>
  <component name="BaseRefactoringSettings">
    <option name="SAFE_DELETE_WHEN_DELETE" value="false" />
    <option name="SAFE_DELETE_SEARCH_IN_COMMENTS" value="false" />
    <option name="SAFE_DELETE_SEARCH_IN_NON_JAVA" value="false" />
    <option name="RENAME_SEARCH_IN_COMMENTS_FOR_FILE" value="false" />
    <option name="RENAME_SEARCH_FOR_REFERENCES_FOR_FILE" value="false" />
    <option name="RENAME_SEARCH_FOR_REFERENCES_FOR_DIRECTORY" value="false" />
  </component>
  <component name="RefactoringSettings">
    <option name="RENAME_SEARCH_IN_COMMENTS_FOR_PACKAGE" value="false" />
    <option name="RENAME_SEARCH_FOR_TEXT_FOR_PACKAGE" value="false" />
    <option name="RENAME_SEARCH_FOR_TEXT_FOR_CLASS" value="false" />
    <option name="MOVE_PREVIEW_USAGES" value="false" />
    <option name="MOVE_SEARCH_IN_COMMENTS" value="false" />
    <option name="MOVE_SEARCH_FOR_TEXT" value="false" />
    <option name="MOVE_INNER_PREVIEW_USAGES" value="false" />
    <option name="TYPE_COOK_EXHAUSTIVE" value="true" />
    <option name="TYPE_COOK_COOK_OBJECTS" value="true" />
    <option name="TYPE_COOK_PRODUCE_WILDCARDS" value="true" />
    <option name="TURN_REFS_TO_SUPER_PREVIEW_USAGES" value="true" />
    <option name="INTRODUCE_FIELD_VISIBILITY" value="private" />
    <option name="INTRODUCE_CONSTANT_VISIBILITY" value="private" />
    <option name="INTRODUCE_CONSTANT_MOVE_TO_ANOTHER_CLASS" value="true" />
    <option name="INTRODUCE_LOCAL_CREATE_FINALS" value="false" />
    <option name="RENAME_TESTS" value="false" />
  </component>
</application>