<application>
  <component name="ConsoleFoldingSettings">
    <option name="addedPositive">
      <list>
        <option value="[ 136307]  ERROR - penapi.actionSystem.impl.Utils - update failed for ActionGroup: Hide (Hide active tool window)[Hide]" />
        <option value="at com.intellij.openapi.wm.impl.ToolWindowManagerImpl.getRegisteredInfoOrLogError(ToolWindowManagerImpl.java:735)" />
      </list>
    </option>
    <option name="removedPositive">
      <list>
        <option value="com.intellij.openapi.command.WriteCommandAction" />
      </list>
    </option>
  </component>
</application>