<application>
  <component name="DebuggerSettings">
    <option name="SHOW_ALTERNATIVE_SOURCE" value="false" />
    <option name="RUN_HOTSWAP_AFTER_COMPILE" value="RunHotswapAlways" />
    <option name="WATCH_RETURN_VALUES" value="true" />
  </component>
  <component name="NodeRendererSettings">
    <CustomRenderers VERSION="8">
      <Renderer ID="CompoundTypeRenderer">
        <option name="NAME" value="AbstractTreeNode" />
        <option name="ENABLED" value="true" />
        <option name="QUALIFIED_NAME" value="com.intellij.ide.util.treeView.AbstractTreeNode" />
        <Renderer ID="LabelRenderer" role="label">
          <option name="QUALIFIED_NAME" value="com.intellij.ide.util.treeView.AbstractTreeNode" />
          <option name="ON_DEMAND" value="false" />
          <option name="LABEL_EXPRESSION" value="toString() + &quot; | &quot; + toTestString(null)&#13;&#13;JAVA" />
        </Renderer>
      </Renderer>
      <Renderer ID="CompoundTypeRenderer">
        <option name="NAME" value="MethodInfo" />
        <option name="ENABLED" value="true" />
        <option name="QUALIFIED_NAME" value="com.android.tools.ndk.jni.model.JvmMethodInfo" />
        <Renderer ID="LabelRenderer" role="label">
          <option name="QUALIFIED_NAME" value="com.android.tools.ndk.jni.model.JvmMethodInfo" />
          <option name="ON_DEMAND" value="false" />
          <option name="LABEL_EXPRESSION" value="this.getDescription()&#13;&#13;JAVA" />
        </Renderer>
      </Renderer>
      <Renderer ID="CompoundTypeRenderer">
        <option name="NAME" value="JvmType" />
        <option name="ENABLED" value="true" />
        <option name="QUALIFIED_NAME" value="com.android.tools.ndk.jni.model.JvmType" />
        <Renderer ID="LabelRenderer" role="label">
          <option name="QUALIFIED_NAME" value="com.android.tools.ndk.jni.model.JvmType" />
          <option name="ON_DEMAND" value="false" />
          <option name="LABEL_EXPRESSION" value="this.toJvmType()&#13;&#13;JAVA" />
        </Renderer>
      </Renderer>
      <Renderer ID="CompoundTypeRenderer">
        <option name="NAME" value="PsiReference" />
        <option name="ENABLED" value="true" />
        <option name="QUALIFIED_NAME" value="com.intellij.psi.PsiReferenceBase" />
        <Renderer ID="LabelRenderer" role="label">
          <option name="QUALIFIED_NAME" value="com.intellij.psi.PsiReferenceBase" />
          <option name="ON_DEMAND" value="false" />
          <option name="LABEL_EXPRESSION" value="toString() + &quot; | &quot; +  getValue()&#13;&#13;JAVA" />
        </Renderer>
      </Renderer>
      <Renderer ID="CompoundTypeRenderer">
        <option name="NAME" value="PsiElement" />
        <option name="ENABLED" value="true" />
        <option name="QUALIFIED_NAME" value="com.intellij.psi.PsiElement" />
        <Renderer ID="LabelRenderer" role="label">
          <option name="QUALIFIED_NAME" value="com.intellij.psi.PsiElement" />
          <option name="ON_DEMAND" value="false" />
          <option name="LABEL_EXPRESSION" value="toString() + &quot; | &quot; + getText()&#13;&#13;JAVA" />
        </Renderer>
      </Renderer>
    </CustomRenderers>
  </component>
  <component name="XDebuggerSettings">
    <data-views />
    <general>
      <evaluation-dialog-mode>CODE_FRAGMENT</evaluation-dialog-mode>
    </general>
    <debuggers>
      <debugger id="kotlin_debugger">
        <configuration>
          <option name="DEBUG_IS_FILTER_FOR_STDLIB_ALREADY_ADDED" value="true" />
        </configuration>
      </debugger>
    </debuggers>
  </component>
</application>