<application>
  <component name="CodeFoldingSettings">
    <option name="COLLAPSE_IMPORTS" value="false" />
  </component>
  <component name="CodeInsightSettings">
    <option name="AUTO_POPUP_PARAMETER_INFO" value="false" />
    <option name="AUTOINSERT_PAIR_BRACKET" value="false" />
    <option name="AUTOINSERT_PAIR_QUOTE" value="false" />
    <option name="INDENT_TO_CARET_ON_PASTE" value="true" />
    <EXCLUDED_PACKAGE NAME="com.google.api.client.util" />
    <EXCLUDED_PACKAGE NAME="com.sun.istack.internal" />
    <EXCLUDED_PACKAGE NAME="com.sun.org.apache" />
    <EXCLUDED_PACKAGE NAME="org.hamcrest" />
    <EXCLUDED_PACKAGE NAME="org.junit.Assert" />
    <EXCLUDED_PACKAGE NAME="org.mockito.MockitoAnnotations" />
    <EXCLUDED_PACKAGE NAME="org.mockito.internal" />
  </component>
  <component name="DaemonCodeAnalyzerSettings" profile="Better Null Check" />
  <component name="DefaultFont">
    <option name="FONT_SIZE" value="14" />
    <option name="FONT_FAMILY" value="JetBrains Mono" />
    <option name="LINE_SPACING" value="1.1" />
    <option name="USE_LIGATURES" value="true" />
  </component>
  <component name="EditorSettings">
    <option name="USE_SOFT_WRAPS" value="MAIN_EDITOR:CONSOLE" />
    <option name="USE_CUSTOM_SOFT_WRAP_INDENT" value="true" />
    <option name="CUSTOM_SOFT_WRAP_INDENT" value="4" />
    <option name="IS_ENSURE_NEWLINE_AT_EOF" value="true" />
    <option name="IS_CAMEL_WORDS" value="true" />
    <option name="IS_DND_ENABLED" value="false" />
  </component>
  <component name="JSEditorOptions">
    <option name="START_STRING_INTERPOLATION_ON_TYPING" value="true" />
  </component>
  <component name="JavaCodeFoldingSettings">
    <option name="collapseOneLineMethods" value="false" />
    <option name="collapseSuppressWarnings" value="false" />
  </component>
  <component name="JetEditorOptions">
    <option name="donTShowConversionDialog" value="true" />
  </component>
  <component name="SqlEditorOptions">
    <option name="concatenateStringsOnEnter" value="true" />
    <option name="qualificationType" value="On collisions" />
  </component>
</application>