<application>
  <component name="FindSettings">
    <option name="customScope" value="All Places" />
    <option name="defaultScopeName" value="All Places" />
    <option name="fromCursor" value="false" />
    <option name="localRegularExpressions" value="true" />
    <option name="FIND_ORIGIN" value="entire_scope" />
    <option name="LOCAL_REGULAR_EXPRESSIONS" value="true" />
    <option name="SEARCH_SCOPE" value="All Places" />
    <mask>*.properties</mask>
    <mask>*.html</mask>
    <mask>*.jsp</mask>
    <mask>*.js</mask>
    <mask>*.as</mask>
    <mask>*.css</mask>
    <mask>*.mxml</mask>
    <mask>plugin.xml</mask>
    <mask>*.cpp</mask>
    <mask>*</mask>
    <mask>*.kt</mask>
    <mask>*Test.java</mask>
    <mask>*.java</mask>
    <mask>*Reference.*</mask>
    <mask>*.xml</mask>
  </component>
</application>