<application>
  <component name="LanguageInjectionConfiguration">
    <injection language="RegExp" injector-id="java">
      <display-name>Builder.match (com.google.corp.bizapps.rews.campus.server.pipeline.floorrenderer.json.styledispatcher.RegexBasedStyleDispatcher)</display-name>
      <place><![CDATA[psiParameter().ofMethod(0, psiMethod().withName("match").withParameters("java.lang.String", "com.google.corp.bizapps.rews.campus.server.pipeline.floorrenderer.json.styledispatcher.StyleDispatcher").definedInClass("com.google.corp.bizapps.rews.campus.server.pipeline.floorrenderer.json.styledispatcher.RegexBasedStyleDispatcher.Builder"))]]></place>
    </injection>
    <injection language="JSON" injector-id="java">
      <display-name>JsonParser.parse (com.google.gson)</display-name>
      <place><![CDATA[psiParameter().ofMethod(0, psiMethod().withName("parse").withParameters("java.lang.String").definedInClass("com.google.gson.JsonParser"))]]></place>
    </injection>
    <injection language="RegExp" injector-id="java">
      <display-name>Pattern.compile (com.google.re2j)</display-name>
      <place><![CDATA[psiParameter().ofMethod(0, psiMethod().withName("compile").withParameters("java.lang.String").definedInClass("com.google.re2j.Pattern"))]]></place>
    </injection>
    <injection language="SQL" injector-id="java">
      <display-name>TrustedString.fromConstant (com.google.security.types.common)</display-name>
      <place><![CDATA[psiParameter().ofMethod(0, psiMethod().withName("fromConstant").withParameters("java.lang.String").definedInClass("com.google.security.types.common.TrustedString"))]]></place>
    </injection>
  </component>
</application>