<application>
  <component name="ProjectJdkTable">
    <jdk version="2">
      <name value="1.8" />
      <type value="JavaSDK" />
      <version value="java version &quot;1.8.0_152&quot;" />
      <homePath value="$USER_HOME$/dev/studio-master-dev/prebuilts/studio/jdk/linux" />
      <roots>
        <annotationsPath>
          <root type="composite">
            <root url="jar://$APPLICATION_HOME_DIR$/lib/jdkAnnotations.jar!/" type="simple" />
            <root url="jar://$APPLICATION_HOME_DIR$/plugins/java/lib/jdkAnnotations.jar!/" type="simple" />
          </root>
        </annotationsPath>
        <classPath>
          <root type="composite">
            <root url="jar://$USER_HOME$/dev/studio-master-dev/prebuilts/studio/jdk/linux/jre/lib/charsets.jar!/" type="simple" />
            <root url="jar://$USER_HOME$/dev/studio-master-dev/prebuilts/studio/jdk/linux/jre/lib/ext/cldrdata.jar!/" type="simple" />
            <root url="jar://$USER_HOME$/dev/studio-master-dev/prebuilts/studio/jdk/linux/jre/lib/ext/dnsns.jar!/" type="simple" />
            <root url="jar://$USER_HOME$/dev/studio-master-dev/prebuilts/studio/jdk/linux/jre/lib/ext/jaccess.jar!/" type="simple" />
            <root url="jar://$USER_HOME$/dev/studio-master-dev/prebuilts/studio/jdk/linux/jre/lib/ext/localedata.jar!/" type="simple" />
            <root url="jar://$USER_HOME$/dev/studio-master-dev/prebuilts/studio/jdk/linux/jre/lib/ext/nashorn.jar!/" type="simple" />
            <root url="jar://$USER_HOME$/dev/studio-master-dev/prebuilts/studio/jdk/linux/jre/lib/ext/sunec.jar!/" type="simple" />
            <root url="jar://$USER_HOME$/dev/studio-master-dev/prebuilts/studio/jdk/linux/jre/lib/ext/sunjce_provider.jar!/" type="simple" />
            <root url="jar://$USER_HOME$/dev/studio-master-dev/prebuilts/studio/jdk/linux/jre/lib/ext/sunpkcs11.jar!/" type="simple" />
            <root url="jar://$USER_HOME$/dev/studio-master-dev/prebuilts/studio/jdk/linux/jre/lib/ext/zipfs.jar!/" type="simple" />
            <root url="jar://$USER_HOME$/dev/studio-master-dev/prebuilts/studio/jdk/linux/jre/lib/jce.jar!/" type="simple" />
            <root url="jar://$USER_HOME$/dev/studio-master-dev/prebuilts/studio/jdk/linux/jre/lib/jsse.jar!/" type="simple" />
            <root url="jar://$USER_HOME$/dev/studio-master-dev/prebuilts/studio/jdk/linux/jre/lib/management-agent.jar!/" type="simple" />
            <root url="jar://$USER_HOME$/dev/studio-master-dev/prebuilts/studio/jdk/linux/jre/lib/resources.jar!/" type="simple" />
            <root url="jar://$USER_HOME$/dev/studio-master-dev/prebuilts/studio/jdk/linux/jre/lib/rt.jar!/" type="simple" />
            <root url="jar://$USER_HOME$/dev/studio-master-dev/prebuilts/studio/jdk/linux/lib/tools.jar!/" type="simple" />
          </root>
        </classPath>
        <javadocPath>
          <root type="composite" />
        </javadocPath>
        <sourcePath>
          <root type="composite">
            <root url="jar://$USER_HOME$/dev/studio-master-dev/prebuilts/studio/jdk/linux/src.zip!/" type="simple" />
          </root>
        </sourcePath>
      </roots>
      <additional />
    </jdk>
    <jdk version="2">
      <name value="Kotlin SDK" />
      <type value="KotlinSDK" />
      <version value="1.3.21" />
      <homePath value="$KOTLIN_BUNDLED$" />
      <roots>
        <annotationsPath>
          <root type="composite" />
        </annotationsPath>
        <classPath>
          <root type="composite" />
        </classPath>
        <javadocPath>
          <root type="composite" />
        </javadocPath>
        <sourcePath>
          <root type="composite" />
        </sourcePath>
      </roots>
      <additional />
    </jdk>
    <jdk version="2">
      <name value="11" />
      <type value="JavaSDK" />
      <version value="java version &quot;11.0.4&quot;" />
      <homePath value="/usr/lib/jvm/java-1.11.0-openjdk-amd64" />
      <roots>
        <annotationsPath>
          <root type="composite">
            <root url="jar://$APPLICATION_HOME_DIR$/plugins/java/lib/jdkAnnotations.jar!/" type="simple" />
          </root>
        </annotationsPath>
        <classPath>
          <root type="composite">
            <root url="jrt:///usr/lib/jvm/java-1.11.0-openjdk-amd64!/java.base" type="simple" />
            <root url="jrt:///usr/lib/jvm/java-1.11.0-openjdk-amd64!/java.compiler" type="simple" />
            <root url="jrt:///usr/lib/jvm/java-1.11.0-openjdk-amd64!/java.datatransfer" type="simple" />
            <root url="jrt:///usr/lib/jvm/java-1.11.0-openjdk-amd64!/java.desktop" type="simple" />
            <root url="jrt:///usr/lib/jvm/java-1.11.0-openjdk-amd64!/java.instrument" type="simple" />
            <root url="jrt:///usr/lib/jvm/java-1.11.0-openjdk-amd64!/java.logging" type="simple" />
            <root url="jrt:///usr/lib/jvm/java-1.11.0-openjdk-amd64!/java.management" type="simple" />
            <root url="jrt:///usr/lib/jvm/java-1.11.0-openjdk-amd64!/java.management.rmi" type="simple" />
            <root url="jrt:///usr/lib/jvm/java-1.11.0-openjdk-amd64!/java.naming" type="simple" />
            <root url="jrt:///usr/lib/jvm/java-1.11.0-openjdk-amd64!/java.net.http" type="simple" />
            <root url="jrt:///usr/lib/jvm/java-1.11.0-openjdk-amd64!/java.prefs" type="simple" />
            <root url="jrt:///usr/lib/jvm/java-1.11.0-openjdk-amd64!/java.rmi" type="simple" />
            <root url="jrt:///usr/lib/jvm/java-1.11.0-openjdk-amd64!/java.scripting" type="simple" />
            <root url="jrt:///usr/lib/jvm/java-1.11.0-openjdk-amd64!/java.se" type="simple" />
            <root url="jrt:///usr/lib/jvm/java-1.11.0-openjdk-amd64!/java.security.jgss" type="simple" />
            <root url="jrt:///usr/lib/jvm/java-1.11.0-openjdk-amd64!/java.security.sasl" type="simple" />
            <root url="jrt:///usr/lib/jvm/java-1.11.0-openjdk-amd64!/java.smartcardio" type="simple" />
            <root url="jrt:///usr/lib/jvm/java-1.11.0-openjdk-amd64!/java.sql" type="simple" />
            <root url="jrt:///usr/lib/jvm/java-1.11.0-openjdk-amd64!/java.sql.rowset" type="simple" />
            <root url="jrt:///usr/lib/jvm/java-1.11.0-openjdk-amd64!/java.transaction.xa" type="simple" />
            <root url="jrt:///usr/lib/jvm/java-1.11.0-openjdk-amd64!/java.xml" type="simple" />
            <root url="jrt:///usr/lib/jvm/java-1.11.0-openjdk-amd64!/java.xml.crypto" type="simple" />
            <root url="jrt:///usr/lib/jvm/java-1.11.0-openjdk-amd64!/jdk.accessibility" type="simple" />
            <root url="jrt:///usr/lib/jvm/java-1.11.0-openjdk-amd64!/jdk.aot" type="simple" />
            <root url="jrt:///usr/lib/jvm/java-1.11.0-openjdk-amd64!/jdk.attach" type="simple" />
            <root url="jrt:///usr/lib/jvm/java-1.11.0-openjdk-amd64!/jdk.charsets" type="simple" />
            <root url="jrt:///usr/lib/jvm/java-1.11.0-openjdk-amd64!/jdk.compiler" type="simple" />
            <root url="jrt:///usr/lib/jvm/java-1.11.0-openjdk-amd64!/jdk.crypto.cryptoki" type="simple" />
            <root url="jrt:///usr/lib/jvm/java-1.11.0-openjdk-amd64!/jdk.crypto.ec" type="simple" />
            <root url="jrt:///usr/lib/jvm/java-1.11.0-openjdk-amd64!/jdk.dynalink" type="simple" />
            <root url="jrt:///usr/lib/jvm/java-1.11.0-openjdk-amd64!/jdk.editpad" type="simple" />
            <root url="jrt:///usr/lib/jvm/java-1.11.0-openjdk-amd64!/jdk.hotspot.agent" type="simple" />
            <root url="jrt:///usr/lib/jvm/java-1.11.0-openjdk-amd64!/jdk.httpserver" type="simple" />
            <root url="jrt:///usr/lib/jvm/java-1.11.0-openjdk-amd64!/jdk.internal.ed" type="simple" />
            <root url="jrt:///usr/lib/jvm/java-1.11.0-openjdk-amd64!/jdk.internal.jvmstat" type="simple" />
            <root url="jrt:///usr/lib/jvm/java-1.11.0-openjdk-amd64!/jdk.internal.le" type="simple" />
            <root url="jrt:///usr/lib/jvm/java-1.11.0-openjdk-amd64!/jdk.internal.opt" type="simple" />
            <root url="jrt:///usr/lib/jvm/java-1.11.0-openjdk-amd64!/jdk.internal.vm.ci" type="simple" />
            <root url="jrt:///usr/lib/jvm/java-1.11.0-openjdk-amd64!/jdk.internal.vm.compiler" type="simple" />
            <root url="jrt:///usr/lib/jvm/java-1.11.0-openjdk-amd64!/jdk.internal.vm.compiler.management" type="simple" />
            <root url="jrt:///usr/lib/jvm/java-1.11.0-openjdk-amd64!/jdk.jartool" type="simple" />
            <root url="jrt:///usr/lib/jvm/java-1.11.0-openjdk-amd64!/jdk.javadoc" type="simple" />
            <root url="jrt:///usr/lib/jvm/java-1.11.0-openjdk-amd64!/jdk.jcmd" type="simple" />
            <root url="jrt:///usr/lib/jvm/java-1.11.0-openjdk-amd64!/jdk.jconsole" type="simple" />
            <root url="jrt:///usr/lib/jvm/java-1.11.0-openjdk-amd64!/jdk.jdeps" type="simple" />
            <root url="jrt:///usr/lib/jvm/java-1.11.0-openjdk-amd64!/jdk.jdi" type="simple" />
            <root url="jrt:///usr/lib/jvm/java-1.11.0-openjdk-amd64!/jdk.jdwp.agent" type="simple" />
            <root url="jrt:///usr/lib/jvm/java-1.11.0-openjdk-amd64!/jdk.jfr" type="simple" />
            <root url="jrt:///usr/lib/jvm/java-1.11.0-openjdk-amd64!/jdk.jlink" type="simple" />
            <root url="jrt:///usr/lib/jvm/java-1.11.0-openjdk-amd64!/jdk.jshell" type="simple" />
            <root url="jrt:///usr/lib/jvm/java-1.11.0-openjdk-amd64!/jdk.jsobject" type="simple" />
            <root url="jrt:///usr/lib/jvm/java-1.11.0-openjdk-amd64!/jdk.jstatd" type="simple" />
            <root url="jrt:///usr/lib/jvm/java-1.11.0-openjdk-amd64!/jdk.localedata" type="simple" />
            <root url="jrt:///usr/lib/jvm/java-1.11.0-openjdk-amd64!/jdk.management" type="simple" />
            <root url="jrt:///usr/lib/jvm/java-1.11.0-openjdk-amd64!/jdk.management.agent" type="simple" />
            <root url="jrt:///usr/lib/jvm/java-1.11.0-openjdk-amd64!/jdk.management.jfr" type="simple" />
            <root url="jrt:///usr/lib/jvm/java-1.11.0-openjdk-amd64!/jdk.naming.dns" type="simple" />
            <root url="jrt:///usr/lib/jvm/java-1.11.0-openjdk-amd64!/jdk.naming.rmi" type="simple" />
            <root url="jrt:///usr/lib/jvm/java-1.11.0-openjdk-amd64!/jdk.net" type="simple" />
            <root url="jrt:///usr/lib/jvm/java-1.11.0-openjdk-amd64!/jdk.pack" type="simple" />
            <root url="jrt:///usr/lib/jvm/java-1.11.0-openjdk-amd64!/jdk.rmic" type="simple" />
            <root url="jrt:///usr/lib/jvm/java-1.11.0-openjdk-amd64!/jdk.scripting.nashorn" type="simple" />
            <root url="jrt:///usr/lib/jvm/java-1.11.0-openjdk-amd64!/jdk.scripting.nashorn.shell" type="simple" />
            <root url="jrt:///usr/lib/jvm/java-1.11.0-openjdk-amd64!/jdk.sctp" type="simple" />
            <root url="jrt:///usr/lib/jvm/java-1.11.0-openjdk-amd64!/jdk.security.auth" type="simple" />
            <root url="jrt:///usr/lib/jvm/java-1.11.0-openjdk-amd64!/jdk.security.jgss" type="simple" />
            <root url="jrt:///usr/lib/jvm/java-1.11.0-openjdk-amd64!/jdk.unsupported" type="simple" />
            <root url="jrt:///usr/lib/jvm/java-1.11.0-openjdk-amd64!/jdk.unsupported.desktop" type="simple" />
            <root url="jrt:///usr/lib/jvm/java-1.11.0-openjdk-amd64!/jdk.xml.dom" type="simple" />
            <root url="jrt:///usr/lib/jvm/java-1.11.0-openjdk-amd64!/jdk.zipfs" type="simple" />
          </root>
        </classPath>
        <javadocPath>
          <root type="composite">
            <root url="https://docs.oracle.com/en/java/javase/11/docs/api/" type="simple" />
          </root>
        </javadocPath>
        <sourcePath>
          <root type="composite" />
        </sourcePath>
      </roots>
      <additional />
    </jdk>
    <jdk version="2">
      <name value="Android API 29 Platform" />
      <type value="Android SDK" />
      <version value="java version &quot;11.0.4&quot;" />
      <homePath value="$USER_HOME$/Android/Sdk" />
      <roots>
        <annotationsPath>
          <root type="composite">
            <root url="jar://$USER_HOME$/Android/Sdk/platforms/android-29/data/annotations.zip!/" type="simple" />
          </root>
        </annotationsPath>
        <classPath>
          <root type="composite">
            <root url="jar://$USER_HOME$/Android/Sdk/platforms/android-29/android.jar!/" type="simple" />
            <root url="file://$USER_HOME$/Android/Sdk/platforms/android-29/data/res" type="simple" />
          </root>
        </classPath>
        <javadocPath>
          <root type="composite">
            <root url="http://developer.android.com/reference/" type="simple" />
          </root>
        </javadocPath>
        <sourcePath>
          <root type="composite" />
        </sourcePath>
      </roots>
      <additional jdk="11" sdk="android-29" />
    </jdk>
    <jdk version="2">
      <name value="Python 2.7" />
      <type value="Python SDK" />
      <version value="Python 2.7.18rc1" />
      <homePath value="/usr/bin/python2.7" />
      <roots>
        <annotationsPath>
          <root type="composite" />
        </annotationsPath>
        <classPath>
          <root type="composite">
            <root url="file:///usr/local/buildtools/current/sitecustomize" type="simple" />
            <root url="file:///usr/lib/python2.7" type="simple" />
            <root url="file:///usr/lib/python2.7/plat-x86_64-linux-gnu" type="simple" />
            <root url="file:///usr/lib/python2.7/lib-tk" type="simple" />
            <root url="file:///usr/lib/python2.7/lib-dynload" type="simple" />
            <root url="file://$USER_HOME$/.local/lib/python2.7/site-packages" type="simple" />
            <root url="file:///usr/local/lib/python2.7/dist-packages" type="simple" />
            <root url="file:///usr/lib/python2.7/dist-packages" type="simple" />
            <root url="file:///usr/lib/python2.7/dist-packages/gtk-2.0" type="simple" />
            <root url="file://$USER_HOME$/.cache/JetBrains/IdeaIC2020.1/python_stubs/-1247972723" type="simple" />
            <root url="file://$APPLICATION_PLUGINS_DIR$/python-ce/helpers/python-skeletons" type="simple" />
            <root url="file://$APPLICATION_PLUGINS_DIR$/python-ce/helpers/typeshed/stdlib/2" type="simple" />
            <root url="file://$APPLICATION_PLUGINS_DIR$/python-ce/helpers/typeshed/stdlib/2and3" type="simple" />
            <root url="file://$APPLICATION_PLUGINS_DIR$/python-ce/helpers/typeshed/third_party/2" type="simple" />
            <root url="file://$APPLICATION_PLUGINS_DIR$/python-ce/helpers/typeshed/third_party/2and3" type="simple" />
          </root>
        </classPath>
        <javadocPath>
          <root type="composite" />
        </javadocPath>
        <sourcePath>
          <root type="composite" />
        </sourcePath>
      </roots>
      <additional />
    </jdk>
    <jdk version="2">
      <name value="IDEA jdk" />
      <type value="JavaSDK" />
      <version value="java version &quot;1.8.0_242&quot;" />
      <homePath value="$USER_HOME$/dev/studio-master-dev/tools/adt/idea/../../../prebuilts/studio/jdk/linux" />
      <roots>
        <annotationsPath>
          <root type="composite">
            <root url="jar://$APPLICATION_HOME_DIR$/lib/jdkAnnotations.jar!/" type="simple" />
          </root>
        </annotationsPath>
        <classPath>
          <root type="composite">
            <root url="jar://$USER_HOME$/dev/studio-master-dev/prebuilts/studio/jdk/linux/jre/lib/charsets.jar!/" type="simple" />
            <root url="jar://$USER_HOME$/dev/studio-master-dev/prebuilts/studio/jdk/linux/jre/lib/ext/cldrdata.jar!/" type="simple" />
            <root url="jar://$USER_HOME$/dev/studio-master-dev/prebuilts/studio/jdk/linux/jre/lib/ext/dnsns.jar!/" type="simple" />
            <root url="jar://$USER_HOME$/dev/studio-master-dev/prebuilts/studio/jdk/linux/jre/lib/ext/jaccess.jar!/" type="simple" />
            <root url="jar://$USER_HOME$/dev/studio-master-dev/prebuilts/studio/jdk/linux/jre/lib/ext/localedata.jar!/" type="simple" />
            <root url="jar://$USER_HOME$/dev/studio-master-dev/prebuilts/studio/jdk/linux/jre/lib/ext/nashorn.jar!/" type="simple" />
            <root url="jar://$USER_HOME$/dev/studio-master-dev/prebuilts/studio/jdk/linux/jre/lib/ext/sunec.jar!/" type="simple" />
            <root url="jar://$USER_HOME$/dev/studio-master-dev/prebuilts/studio/jdk/linux/jre/lib/ext/sunjce_provider.jar!/" type="simple" />
            <root url="jar://$USER_HOME$/dev/studio-master-dev/prebuilts/studio/jdk/linux/jre/lib/ext/sunpkcs11.jar!/" type="simple" />
            <root url="jar://$USER_HOME$/dev/studio-master-dev/prebuilts/studio/jdk/linux/jre/lib/ext/zipfs.jar!/" type="simple" />
            <root url="jar://$USER_HOME$/dev/studio-master-dev/prebuilts/studio/jdk/linux/jre/lib/jce.jar!/" type="simple" />
            <root url="jar://$USER_HOME$/dev/studio-master-dev/prebuilts/studio/jdk/linux/jre/lib/jsse.jar!/" type="simple" />
            <root url="jar://$USER_HOME$/dev/studio-master-dev/prebuilts/studio/jdk/linux/jre/lib/management-agent.jar!/" type="simple" />
            <root url="jar://$USER_HOME$/dev/studio-master-dev/prebuilts/studio/jdk/linux/jre/lib/resources.jar!/" type="simple" />
            <root url="jar://$USER_HOME$/dev/studio-master-dev/prebuilts/studio/jdk/linux/jre/lib/rt.jar!/" type="simple" />
            <root url="jar://$USER_HOME$/dev/studio-master-dev/prebuilts/studio/jdk/linux/lib/tools.jar!/" type="simple" />
          </root>
        </classPath>
        <javadocPath>
          <root type="composite" />
        </javadocPath>
        <sourcePath>
          <root type="composite">
            <root url="jar://$USER_HOME$/dev/studio-master-dev/prebuilts/studio/jdk/linux/src.zip!/" type="simple" />
          </root>
        </sourcePath>
      </roots>
      <additional />
    </jdk>
    <jdk version="2">
      <name value="Android Studio" />
      <type value="IDEA JDK" />
      <version value="java version &quot;1.8.0_242&quot;" />
      <homePath value="$USER_HOME$/dev/studio-master-dev/tools/adt/idea/../../../prebuilts/studio/intellij-sdk/AI-202/linux/android-studio" />
      <roots>
        <annotationsPath>
          <root type="composite">
            <root url="jar://$APPLICATION_HOME_DIR$/plugins/java/lib/jdkAnnotations.jar!/" type="simple" />
          </root>
        </annotationsPath>
        <classPath>
          <root type="composite">
            <root url="jar://$USER_HOME$/dev/studio-master-dev/prebuilts/studio/jdk/linux/jre/lib/charsets.jar!/" type="simple" />
            <root url="jar://$USER_HOME$/dev/studio-master-dev/prebuilts/studio/jdk/linux/jre/lib/ext/cldrdata.jar!/" type="simple" />
            <root url="jar://$USER_HOME$/dev/studio-master-dev/prebuilts/studio/jdk/linux/jre/lib/ext/dnsns.jar!/" type="simple" />
            <root url="jar://$USER_HOME$/dev/studio-master-dev/prebuilts/studio/jdk/linux/jre/lib/ext/jaccess.jar!/" type="simple" />
            <root url="jar://$USER_HOME$/dev/studio-master-dev/prebuilts/studio/jdk/linux/jre/lib/ext/localedata.jar!/" type="simple" />
            <root url="jar://$USER_HOME$/dev/studio-master-dev/prebuilts/studio/jdk/linux/jre/lib/ext/nashorn.jar!/" type="simple" />
            <root url="jar://$USER_HOME$/dev/studio-master-dev/prebuilts/studio/jdk/linux/jre/lib/ext/sunec.jar!/" type="simple" />
            <root url="jar://$USER_HOME$/dev/studio-master-dev/prebuilts/studio/jdk/linux/jre/lib/ext/sunjce_provider.jar!/" type="simple" />
            <root url="jar://$USER_HOME$/dev/studio-master-dev/prebuilts/studio/jdk/linux/jre/lib/ext/sunpkcs11.jar!/" type="simple" />
            <root url="jar://$USER_HOME$/dev/studio-master-dev/prebuilts/studio/jdk/linux/jre/lib/ext/zipfs.jar!/" type="simple" />
            <root url="jar://$USER_HOME$/dev/studio-master-dev/prebuilts/studio/jdk/linux/jre/lib/jce.jar!/" type="simple" />
            <root url="jar://$USER_HOME$/dev/studio-master-dev/prebuilts/studio/jdk/linux/jre/lib/jsse.jar!/" type="simple" />
            <root url="jar://$USER_HOME$/dev/studio-master-dev/prebuilts/studio/jdk/linux/jre/lib/management-agent.jar!/" type="simple" />
            <root url="jar://$USER_HOME$/dev/studio-master-dev/prebuilts/studio/jdk/linux/jre/lib/resources.jar!/" type="simple" />
            <root url="jar://$USER_HOME$/dev/studio-master-dev/prebuilts/studio/jdk/linux/jre/lib/rt.jar!/" type="simple" />
            <root url="jar://$USER_HOME$/dev/studio-master-dev/prebuilts/studio/jdk/linux/lib/tools.jar!/" type="simple" />
            <root url="jar://$USER_HOME$/dev/studio-master-dev/prebuilts/studio/intellij-sdk/AI-202/linux/android-studio/lib/org.eclipse.xtend.lib-2.17.0.jar!/" type="simple" />
            <root url="jar://$USER_HOME$/dev/studio-master-dev/prebuilts/studio/intellij-sdk/AI-202/linux/android-studio/lib/streamex-0.7.2.jar!/" type="simple" />
            <root url="jar://$USER_HOME$/dev/studio-master-dev/prebuilts/studio/intellij-sdk/AI-202/linux/android-studio/lib/batik-css-1.12.0-8.jar!/" type="simple" />
            <root url="jar://$USER_HOME$/dev/studio-master-dev/prebuilts/studio/intellij-sdk/AI-202/linux/android-studio/lib/testFramework.core.jar!/" type="simple" />
            <root url="jar://$USER_HOME$/dev/studio-master-dev/prebuilts/studio/intellij-sdk/AI-202/linux/android-studio/lib/commons-compress-1.20.jar!/" type="simple" />
            <root url="jar://$USER_HOME$/dev/studio-master-dev/prebuilts/studio/intellij-sdk/AI-202/linux/android-studio/lib/netty-common-4.1.47.Final.jar!/" type="simple" />
            <root url="jar://$USER_HOME$/dev/studio-master-dev/prebuilts/studio/intellij-sdk/AI-202/linux/android-studio/lib/miglayout-core-5.2.jar!/" type="simple" />
            <root url="jar://$USER_HOME$/dev/studio-master-dev/prebuilts/studio/intellij-sdk/AI-202/linux/android-studio/lib/httpcore-4.4.13.jar!/" type="simple" />
            <root url="jar://$USER_HOME$/dev/studio-master-dev/prebuilts/studio/intellij-sdk/AI-202/linux/android-studio/lib/jcef-77.1.18-g8e8d602-chromium-77.0.3865.120.jar!/" type="simple" />
            <root url="jar://$USER_HOME$/dev/studio-master-dev/prebuilts/studio/intellij-sdk/AI-202/linux/android-studio/lib/jcodings-1.0.48.jar!/" type="simple" />
            <root url="jar://$USER_HOME$/dev/studio-master-dev/prebuilts/studio/intellij-sdk/AI-202/linux/android-studio/lib/javac2.jar!/" type="simple" />
            <root url="jar://$USER_HOME$/dev/studio-master-dev/prebuilts/studio/intellij-sdk/AI-202/linux/android-studio/lib/ini4j-0.5.5-2.jar!/" type="simple" />
            <root url="jar://$USER_HOME$/dev/studio-master-dev/prebuilts/studio/intellij-sdk/AI-202/linux/android-studio/lib/cli-parser-1.1.5.jar!/" type="simple" />
            <root url="jar://$USER_HOME$/dev/studio-master-dev/prebuilts/studio/intellij-sdk/AI-202/linux/android-studio/lib/oro-2.0.8.jar!/" type="simple" />
            <root url="jar://$USER_HOME$/dev/studio-master-dev/prebuilts/studio/intellij-sdk/AI-202/linux/android-studio/lib/commons-logging-1.2.jar!/" type="simple" />
            <root url="jar://$USER_HOME$/dev/studio-master-dev/prebuilts/studio/intellij-sdk/AI-202/linux/android-studio/lib/commons-io-2.6.jar!/" type="simple" />
            <root url="jar://$USER_HOME$/dev/studio-master-dev/prebuilts/studio/intellij-sdk/AI-202/linux/android-studio/lib/j2objc-annotations-1.3.jar!/" type="simple" />
            <root url="jar://$USER_HOME$/dev/studio-master-dev/prebuilts/studio/intellij-sdk/AI-202/linux/android-studio/lib/configuration-store-impl.jar!/" type="simple" />
            <root url="jar://$USER_HOME$/dev/studio-master-dev/prebuilts/studio/intellij-sdk/AI-202/linux/android-studio/lib/jdkAnnotations.jar!/" type="simple" />
            <root url="jar://$USER_HOME$/dev/studio-master-dev/prebuilts/studio/intellij-sdk/AI-202/linux/android-studio/lib/jackson-annotations-2.10.3.jar!/" type="simple" />
            <root url="jar://$USER_HOME$/dev/studio-master-dev/prebuilts/studio/intellij-sdk/AI-202/linux/android-studio/lib/testFramework.jar!/" type="simple" />
            <root url="jar://$USER_HOME$/dev/studio-master-dev/prebuilts/studio/intellij-sdk/AI-202/linux/android-studio/lib/spellchecker.jar!/" type="simple" />
            <root url="jar://$USER_HOME$/dev/studio-master-dev/prebuilts/studio/intellij-sdk/AI-202/linux/android-studio/lib/intellij-deps-fastutil-8.3.1-1.jar!/" type="simple" />
            <root url="jar://$USER_HOME$/dev/studio-master-dev/prebuilts/studio/intellij-sdk/AI-202/linux/android-studio/lib/kotlin-stdlib-jdk8-1.4.0.jar!/" type="simple" />
            <root url="jar://$USER_HOME$/dev/studio-master-dev/prebuilts/studio/intellij-sdk/AI-202/linux/android-studio/lib/jaxb-runtime-2.3.1.jar!/" type="simple" />
            <root url="jar://$USER_HOME$/dev/studio-master-dev/prebuilts/studio/intellij-sdk/AI-202/linux/android-studio/lib/batik-anim-1.12.0-8.jar!/" type="simple" />
            <root url="jar://$USER_HOME$/dev/studio-master-dev/prebuilts/studio/intellij-sdk/AI-202/linux/android-studio/lib/netty-codec-socks-4.1.47.Final.jar!/" type="simple" />
            <root url="jar://$USER_HOME$/dev/studio-master-dev/prebuilts/studio/intellij-sdk/AI-202/linux/android-studio/lib/isorelax-20030108.jar!/" type="simple" />
            <root url="jar://$USER_HOME$/dev/studio-master-dev/prebuilts/studio/intellij-sdk/AI-202/linux/android-studio/lib/org.eclipse.xtend.lib.macro-2.17.0.jar!/" type="simple" />
            <root url="jar://$USER_HOME$/dev/studio-master-dev/prebuilts/studio/intellij-sdk/AI-202/linux/android-studio/lib/proxy-vole-1.0.5-jb.2.jar!/" type="simple" />
            <root url="jar://$USER_HOME$/dev/studio-master-dev/prebuilts/studio/intellij-sdk/AI-202/linux/android-studio/lib/java-utils-1.0.5.jar!/" type="simple" />
            <root url="jar://$USER_HOME$/dev/studio-master-dev/prebuilts/studio/intellij-sdk/AI-202/linux/android-studio/lib/groovy-2.5.11.jar!/" type="simple" />
            <root url="jar://$USER_HOME$/dev/studio-master-dev/prebuilts/studio/intellij-sdk/AI-202/linux/android-studio/lib/stax-api-1.0.1.jar!/" type="simple" />
            <root url="jar://$USER_HOME$/dev/studio-master-dev/prebuilts/studio/intellij-sdk/AI-202/linux/android-studio/lib/httpmime-4.5.12.jar!/" type="simple" />
            <root url="jar://$USER_HOME$/dev/studio-master-dev/prebuilts/studio/intellij-sdk/AI-202/linux/android-studio/lib/jdom.jar!/" type="simple" />
            <root url="jar://$USER_HOME$/dev/studio-master-dev/prebuilts/studio/intellij-sdk/AI-202/linux/android-studio/lib/netty-handler-4.1.47.Final.jar!/" type="simple" />
            <root url="jar://$USER_HOME$/dev/studio-master-dev/prebuilts/studio/intellij-sdk/AI-202/linux/android-studio/lib/bcprov-jdk15on-1.65.jar!/" type="simple" />
            <root url="jar://$USER_HOME$/dev/studio-master-dev/prebuilts/studio/intellij-sdk/AI-202/linux/android-studio/lib/maven-resolver-api-1.3.3.jar!/" type="simple" />
            <root url="jar://$USER_HOME$/dev/studio-master-dev/prebuilts/studio/intellij-sdk/AI-202/linux/android-studio/lib/jackson-core-2.10.3.jar!/" type="simple" />
            <root url="jar://$USER_HOME$/dev/studio-master-dev/prebuilts/studio/intellij-sdk/AI-202/linux/android-studio/lib/kotlinx-coroutines-jdk8-1.3.4.jar!/" type="simple" />
            <root url="jar://$USER_HOME$/dev/studio-master-dev/prebuilts/studio/intellij-sdk/AI-202/linux/android-studio/lib/intellij-coverage-agent-1.0.512.jar!/" type="simple" />
            <root url="jar://$USER_HOME$/dev/studio-master-dev/prebuilts/studio/intellij-sdk/AI-202/linux/android-studio/lib/rhino-1.7.12.jar!/" type="simple" />
            <root url="jar://$USER_HOME$/dev/studio-master-dev/prebuilts/studio/intellij-sdk/AI-202/linux/android-studio/lib/kotlin-test-common-1.4.0.jar!/" type="simple" />
            <root url="jar://$USER_HOME$/dev/studio-master-dev/prebuilts/studio/intellij-sdk/AI-202/linux/android-studio/lib/miglayout-swing-5.2.jar!/" type="simple" />
            <root url="jar://$USER_HOME$/dev/studio-master-dev/prebuilts/studio/intellij-sdk/AI-202/linux/android-studio/lib/maven-builder-support-3.6.1.jar!/" type="simple" />
            <root url="jar://$USER_HOME$/dev/studio-master-dev/prebuilts/studio/intellij-sdk/AI-202/linux/android-studio/lib/maven-model-builder-3.6.1.jar!/" type="simple" />
            <root url="jar://$USER_HOME$/dev/studio-master-dev/prebuilts/studio/intellij-sdk/AI-202/linux/android-studio/lib/batik-svg-dom-1.12.0-8.jar!/" type="simple" />
            <root url="jar://$USER_HOME$/dev/studio-master-dev/prebuilts/studio/intellij-sdk/AI-202/linux/android-studio/lib/credential-store.jar!/" type="simple" />
            <root url="jar://$USER_HOME$/dev/studio-master-dev/prebuilts/studio/intellij-sdk/AI-202/linux/android-studio/lib/javax.activation-1.2.0.jar!/" type="simple" />
            <root url="jar://$USER_HOME$/dev/studio-master-dev/prebuilts/studio/intellij-sdk/AI-202/linux/android-studio/lib/netty-resolver-4.1.47.Final.jar!/" type="simple" />
            <root url="jar://$USER_HOME$/dev/studio-master-dev/prebuilts/studio/intellij-sdk/AI-202/linux/android-studio/lib/protobuf-java-3.5.1.jar!/" type="simple" />
            <root url="jar://$USER_HOME$/dev/studio-master-dev/prebuilts/studio/intellij-sdk/AI-202/linux/android-studio/lib/xmlrpc-2.0.1.jar!/" type="simple" />
            <root url="jar://$USER_HOME$/dev/studio-master-dev/prebuilts/studio/intellij-sdk/AI-202/linux/android-studio/lib/org.eclipse.lsp4j-0.7.1.jar!/" type="simple" />
            <root url="jar://$USER_HOME$/dev/studio-master-dev/prebuilts/studio/intellij-sdk/AI-202/linux/android-studio/lib/batik-ext-1.12.0-8.jar!/" type="simple" />
            <root url="jar://$USER_HOME$/dev/studio-master-dev/prebuilts/studio/intellij-sdk/AI-202/linux/android-studio/lib/platform-statistics-devkit.jar!/" type="simple" />
            <root url="jar://$USER_HOME$/dev/studio-master-dev/prebuilts/studio/intellij-sdk/AI-202/linux/android-studio/lib/dbus-java-3.0.2.jar!/" type="simple" />
            <root url="jar://$USER_HOME$/dev/studio-master-dev/prebuilts/studio/intellij-sdk/AI-202/linux/android-studio/lib/batik-parser-1.12.0-8.jar!/" type="simple" />
            <root url="jar://$USER_HOME$/dev/studio-master-dev/prebuilts/studio/intellij-sdk/AI-202/linux/android-studio/lib/netty-codec-http2-4.1.47.Final.jar!/" type="simple" />
            <root url="jar://$USER_HOME$/dev/studio-master-dev/prebuilts/studio/intellij-sdk/AI-202/linux/android-studio/lib/xml-apis-ext-1.3.04.jar!/" type="simple" />
            <root url="jar://$USER_HOME$/dev/studio-master-dev/prebuilts/studio/intellij-sdk/AI-202/linux/android-studio/lib/commons-httpclient-3.1-patched.jar!/" type="simple" />
            <root url="jar://$USER_HOME$/dev/studio-master-dev/prebuilts/studio/intellij-sdk/AI-202/linux/android-studio/lib/jsp-base-openapi.jar!/" type="simple" />
            <root url="jar://$USER_HOME$/dev/studio-master-dev/prebuilts/studio/intellij-sdk/AI-202/linux/android-studio/lib/platform-objectSerializer.jar!/" type="simple" />
            <root url="jar://$USER_HOME$/dev/studio-master-dev/prebuilts/studio/intellij-sdk/AI-202/linux/android-studio/lib/rd-framework-0.202.100.jar!/" type="simple" />
            <root url="jar://$USER_HOME$/dev/studio-master-dev/prebuilts/studio/intellij-sdk/AI-202/linux/android-studio/lib/kotlin-reflect-1.4.0.jar!/" type="simple" />
            <root url="jar://$USER_HOME$/dev/studio-master-dev/prebuilts/studio/intellij-sdk/AI-202/linux/android-studio/lib/jsch-0.1.55.jar!/" type="simple" />
            <root url="jar://$USER_HOME$/dev/studio-master-dev/prebuilts/studio/intellij-sdk/AI-202/linux/android-studio/lib/platform-impl.jar!/" type="simple" />
            <root url="jar://$USER_HOME$/dev/studio-master-dev/prebuilts/studio/intellij-sdk/AI-202/linux/android-studio/lib/maven-model-3.6.1.jar!/" type="simple" />
            <root url="jar://$USER_HOME$/dev/studio-master-dev/prebuilts/studio/intellij-sdk/AI-202/linux/android-studio/lib/batik-bridge-1.12.0-8.jar!/" type="simple" />
            <root url="jar://$USER_HOME$/dev/studio-master-dev/prebuilts/studio/intellij-sdk/AI-202/linux/android-studio/lib/kotlin-stdlib-jdk7-1.4.0.jar!/" type="simple" />
            <root url="jar://$USER_HOME$/dev/studio-master-dev/prebuilts/studio/intellij-sdk/AI-202/linux/android-studio/lib/maven-artifact-3.6.1.jar!/" type="simple" />
            <root url="jar://$USER_HOME$/dev/studio-master-dev/prebuilts/studio/intellij-sdk/AI-202/linux/android-studio/lib/icons.jar!/" type="simple" />
            <root url="jar://$USER_HOME$/dev/studio-master-dev/prebuilts/studio/intellij-sdk/AI-202/linux/android-studio/lib/batik-codec-1.12.0-8.jar!/" type="simple" />
            <root url="jar://$USER_HOME$/dev/studio-master-dev/prebuilts/studio/intellij-sdk/AI-202/linux/android-studio/lib/batik-transcoder-1.12.0-8.jar!/" type="simple" />
            <root url="jar://$USER_HOME$/dev/studio-master-dev/prebuilts/studio/intellij-sdk/AI-202/linux/android-studio/lib/groovy-templates-2.5.11.jar!/" type="simple" />
            <root url="jar://$USER_HOME$/dev/studio-master-dev/prebuilts/studio/intellij-sdk/AI-202/linux/android-studio/lib/snakeyaml-engine-2.1.jar!/" type="simple" />
            <root url="jar://$USER_HOME$/dev/studio-master-dev/prebuilts/studio/intellij-sdk/AI-202/linux/android-studio/lib/platform-ide-util-io.jar!/" type="simple" />
            <root url="jar://$USER_HOME$/dev/studio-master-dev/prebuilts/studio/intellij-sdk/AI-202/linux/android-studio/lib/kryo-2.24.0.jar!/" type="simple" />
            <root url="jar://$USER_HOME$/dev/studio-master-dev/prebuilts/studio/intellij-sdk/AI-202/linux/android-studio/lib/httpclient-4.5.12.jar!/" type="simple" />
            <root url="jar://$USER_HOME$/dev/studio-master-dev/prebuilts/studio/intellij-sdk/AI-202/linux/android-studio/lib/commons-cli-1.2.jar!/" type="simple" />
            <root url="jar://$USER_HOME$/dev/studio-master-dev/prebuilts/studio/intellij-sdk/AI-202/linux/android-studio/lib/microba.jar!/" type="simple" />
            <root url="jar://$USER_HOME$/dev/studio-master-dev/prebuilts/studio/intellij-sdk/AI-202/linux/android-studio/lib/openapi.jar!/" type="simple" />
            <root url="jar://$USER_HOME$/dev/studio-master-dev/prebuilts/studio/intellij-sdk/AI-202/linux/android-studio/lib/grazie-spellchecker-0.1.9.jar!/" type="simple" />
            <root url="jar://$USER_HOME$/dev/studio-master-dev/prebuilts/studio/intellij-sdk/AI-202/linux/android-studio/lib/java-compatibility-1.0.1.jar!/" type="simple" />
            <root url="jar://$USER_HOME$/dev/studio-master-dev/prebuilts/studio/intellij-sdk/AI-202/linux/android-studio/lib/commons-collections-3.2.2.jar!/" type="simple" />
            <root url="jar://$USER_HOME$/dev/studio-master-dev/prebuilts/studio/intellij-sdk/AI-202/linux/android-studio/lib/jna-platform.jar!/" type="simple" />
            <root url="jar://$USER_HOME$/dev/studio-master-dev/prebuilts/studio/intellij-sdk/AI-202/linux/android-studio/lib/batik-util-1.12.0-8.jar!/" type="simple" />
            <root url="jar://$USER_HOME$/dev/studio-master-dev/prebuilts/studio/intellij-sdk/AI-202/linux/android-studio/lib/jcip-annotations-1.0.jar!/" type="simple" />
            <root url="jar://$USER_HOME$/dev/studio-master-dev/prebuilts/studio/intellij-sdk/AI-202/linux/android-studio/lib/groovy-json-2.5.11.jar!/" type="simple" />
            <root url="jar://$USER_HOME$/dev/studio-master-dev/prebuilts/studio/intellij-sdk/AI-202/linux/android-studio/lib/slf4j-log4j12-1.7.25.jar!/" type="simple" />
            <root url="jar://$USER_HOME$/dev/studio-master-dev/prebuilts/studio/intellij-sdk/AI-202/linux/android-studio/lib/FastInfoset-1.2.15.jar!/" type="simple" />
            <root url="jar://$USER_HOME$/dev/studio-master-dev/prebuilts/studio/intellij-sdk/AI-202/linux/android-studio/lib/platform-statistics-uploader.jar!/" type="simple" />
            <root url="jar://$USER_HOME$/dev/studio-master-dev/prebuilts/studio/intellij-sdk/AI-202/linux/android-studio/lib/jediterm-pty-2.29.jar!/" type="simple" />
            <root url="jar://$USER_HOME$/dev/studio-master-dev/prebuilts/studio/intellij-sdk/AI-202/linux/android-studio/lib/serviceMessages-2019.1.4.jar!/" type="simple" />
            <root url="jar://$USER_HOME$/dev/studio-master-dev/prebuilts/studio/intellij-sdk/AI-202/linux/android-studio/lib/joni-2.1.32.jar!/" type="simple" />
            <root url="jar://$USER_HOME$/dev/studio-master-dev/prebuilts/studio/intellij-sdk/AI-202/linux/android-studio/lib/hamcrest-core-1.3.jar!/" type="simple" />
            <root url="jar://$USER_HOME$/dev/studio-master-dev/prebuilts/studio/intellij-sdk/AI-202/linux/android-studio/lib/gson-2.8.6.jar!/" type="simple" />
            <root url="jar://$USER_HOME$/dev/studio-master-dev/prebuilts/studio/intellij-sdk/AI-202/linux/android-studio/lib/dom-impl.jar!/" type="simple" />
            <root url="jar://$USER_HOME$/dev/studio-master-dev/prebuilts/studio/intellij-sdk/AI-202/linux/android-studio/lib/maven-resolver-util-1.3.3.jar!/" type="simple" />
            <root url="jar://$USER_HOME$/dev/studio-master-dev/prebuilts/studio/intellij-sdk/AI-202/linux/android-studio/lib/dom-openapi.jar!/" type="simple" />
            <root url="jar://$USER_HOME$/dev/studio-master-dev/prebuilts/studio/intellij-sdk/AI-202/linux/android-studio/lib/netty-transport-4.1.47.Final.jar!/" type="simple" />
            <root url="jar://$USER_HOME$/dev/studio-master-dev/prebuilts/studio/intellij-sdk/AI-202/linux/android-studio/lib/forms-1.1-preview.jar!/" type="simple" />
            <root url="jar://$USER_HOME$/dev/studio-master-dev/prebuilts/studio/intellij-sdk/AI-202/linux/android-studio/lib/platform-statistics-config.jar!/" type="simple" />
            <root url="jar://$USER_HOME$/dev/studio-master-dev/prebuilts/studio/intellij-sdk/AI-202/linux/android-studio/lib/junit-4.12.jar!/" type="simple" />
            <root url="jar://$USER_HOME$/dev/studio-master-dev/prebuilts/studio/intellij-sdk/AI-202/linux/android-studio/lib/jetCheck-0.2.2.jar!/" type="simple" />
            <root url="jar://$USER_HOME$/dev/studio-master-dev/prebuilts/studio/intellij-sdk/AI-202/linux/android-studio/lib/platform-util-ui.jar!/" type="simple" />
            <root url="jar://$USER_HOME$/dev/studio-master-dev/prebuilts/studio/intellij-sdk/AI-202/linux/android-studio/lib/trang-core.jar!/" type="simple" />
            <root url="jar://$USER_HOME$/dev/studio-master-dev/prebuilts/studio/intellij-sdk/AI-202/linux/android-studio/lib/cglib-nodep-3.2.4.jar!/" type="simple" />
            <root url="jar://$USER_HOME$/dev/studio-master-dev/prebuilts/studio/intellij-sdk/AI-202/linux/android-studio/lib/netty-buffer-4.1.47.Final.jar!/" type="simple" />
            <root url="jar://$USER_HOME$/dev/studio-master-dev/prebuilts/studio/intellij-sdk/AI-202/linux/android-studio/lib/automaton-1.12-1.jar!/" type="simple" />
            <root url="jar://$USER_HOME$/dev/studio-master-dev/prebuilts/studio/intellij-sdk/AI-202/linux/android-studio/lib/extensions.jar!/" type="simple" />
            <root url="jar://$USER_HOME$/dev/studio-master-dev/prebuilts/studio/intellij-sdk/AI-202/linux/android-studio/lib/fluent-hc-4.5.12.jar!/" type="simple" />
            <root url="jar://$USER_HOME$/dev/studio-master-dev/prebuilts/studio/intellij-sdk/AI-202/linux/android-studio/lib/qdox-2.0-M10.jar!/" type="simple" />
            <root url="jar://$USER_HOME$/dev/studio-master-dev/prebuilts/studio/intellij-sdk/AI-202/linux/android-studio/lib/external-system-rt.jar!/" type="simple" />
            <root url="jar://$USER_HOME$/dev/studio-master-dev/prebuilts/studio/intellij-sdk/AI-202/linux/android-studio/lib/tests_bootstrap.jar!/" type="simple" />
            <root url="jar://$USER_HOME$/dev/studio-master-dev/prebuilts/studio/intellij-sdk/AI-202/linux/android-studio/lib/jshell-frontend.jar!/" type="simple" />
            <root url="jar://$USER_HOME$/dev/studio-master-dev/prebuilts/studio/intellij-sdk/AI-202/linux/android-studio/lib/xpp3_min-1.1.4c.jar!/" type="simple" />
            <root url="jar://$USER_HOME$/dev/studio-master-dev/prebuilts/studio/intellij-sdk/AI-202/linux/android-studio/lib/purejavacomm-0.0.11.1.jar!/" type="simple" />
            <root url="jar://$USER_HOME$/dev/studio-master-dev/prebuilts/studio/intellij-sdk/AI-202/linux/android-studio/lib/built-in-server.jar!/" type="simple" />
            <root url="jar://$USER_HOME$/dev/studio-master-dev/prebuilts/studio/intellij-sdk/AI-202/linux/android-studio/lib/commons-imaging-1.0-RC-1.jar!/" type="simple" />
            <root url="jar://$USER_HOME$/dev/studio-master-dev/prebuilts/studio/intellij-sdk/AI-202/linux/android-studio/lib/xmlbeans-2.6.0.jar!/" type="simple" />
            <root url="jar://$USER_HOME$/dev/studio-master-dev/prebuilts/studio/intellij-sdk/AI-202/linux/android-studio/lib/resources_en.jar!/" type="simple" />
            <root url="jar://$USER_HOME$/dev/studio-master-dev/prebuilts/studio/intellij-sdk/AI-202/linux/android-studio/lib/batik-xml-1.12.0-8.jar!/" type="simple" />
            <root url="jar://$USER_HOME$/dev/studio-master-dev/prebuilts/studio/intellij-sdk/AI-202/linux/android-studio/lib/log4j.jar!/" type="simple" />
            <root url="jar://$USER_HOME$/dev/studio-master-dev/prebuilts/studio/intellij-sdk/AI-202/linux/android-studio/lib/testFramework-java.jar!/" type="simple" />
            <root url="jar://$USER_HOME$/dev/studio-master-dev/prebuilts/studio/intellij-sdk/AI-202/linux/android-studio/lib/common-image-3.5.jar!/" type="simple" />
            <root url="jar://$USER_HOME$/dev/studio-master-dev/prebuilts/studio/intellij-sdk/AI-202/linux/android-studio/lib/jb-jdi-2.1.jar!/" type="simple" />
            <root url="jar://$USER_HOME$/dev/studio-master-dev/prebuilts/studio/intellij-sdk/AI-202/linux/android-studio/lib/hamcrest-library-1.3.jar!/" type="simple" />
            <root url="jar://$USER_HOME$/dev/studio-master-dev/prebuilts/studio/intellij-sdk/AI-202/linux/android-studio/lib/intellij-xml.jar!/" type="simple" />
            <root url="jar://$USER_HOME$/dev/studio-master-dev/prebuilts/studio/intellij-sdk/AI-202/linux/android-studio/lib/slf4j-api-1.7.25.jar!/" type="simple" />
            <root url="jar://$USER_HOME$/dev/studio-master-dev/prebuilts/studio/intellij-sdk/AI-202/linux/android-studio/lib/jps-model.jar!/" type="simple" />
            <root url="jar://$USER_HOME$/dev/studio-master-dev/prebuilts/studio/intellij-sdk/AI-202/linux/android-studio/lib/maven-resolver-spi-1.3.3.jar!/" type="simple" />
            <root url="jar://$USER_HOME$/dev/studio-master-dev/prebuilts/studio/intellij-sdk/AI-202/linux/android-studio/lib/platform-statistics.jar!/" type="simple" />
            <root url="jar://$USER_HOME$/dev/studio-master-dev/prebuilts/studio/intellij-sdk/AI-202/linux/android-studio/lib/pty4j-0.9.6.jar!/" type="simple" />
            <root url="jar://$USER_HOME$/dev/studio-master-dev/prebuilts/studio/intellij-sdk/AI-202/linux/android-studio/lib/HdrHistogram-2.1.4.jar!/" type="simple" />
            <root url="jar://$USER_HOME$/dev/studio-master-dev/prebuilts/studio/intellij-sdk/AI-202/linux/android-studio/lib/maven-resolver-provider-3.6.1.jar!/" type="simple" />
            <root url="jar://$USER_HOME$/dev/studio-master-dev/prebuilts/studio/intellij-sdk/AI-202/linux/android-studio/lib/org.eclipse.lsp4j.jsonrpc-0.7.1.jar!/" type="simple" />
            <root url="jar://$USER_HOME$/dev/studio-master-dev/prebuilts/studio/intellij-sdk/AI-202/linux/android-studio/lib/asm-all-8.0.1.jar!/" type="simple" />
            <root url="jar://$USER_HOME$/dev/studio-master-dev/prebuilts/studio/intellij-sdk/AI-202/linux/android-studio/lib/error_prone_annotations-2.3.1.jar!/" type="simple" />
            <root url="jar://$USER_HOME$/dev/studio-master-dev/prebuilts/studio/intellij-sdk/AI-202/linux/android-studio/lib/markdownj-core-0.4.2-SNAPSHOT.jar!/" type="simple" />
            <root url="jar://$USER_HOME$/dev/studio-master-dev/prebuilts/studio/intellij-sdk/AI-202/linux/android-studio/lib/kotlin-stdlib-common-1.4.0.jar!/" type="simple" />
            <root url="jar://$USER_HOME$/dev/studio-master-dev/prebuilts/studio/intellij-sdk/AI-202/linux/android-studio/lib/snakeyaml-1.26.jar!/" type="simple" />
            <root url="jar://$USER_HOME$/dev/studio-master-dev/prebuilts/studio/intellij-sdk/AI-202/linux/android-studio/lib/platform-diagnostic.jar!/" type="simple" />
            <root url="jar://$USER_HOME$/dev/studio-master-dev/prebuilts/studio/intellij-sdk/AI-202/linux/android-studio/lib/xmlgraphics-commons-2.3.jar!/" type="simple" />
            <root url="jar://$USER_HOME$/dev/studio-master-dev/prebuilts/studio/intellij-sdk/AI-202/linux/android-studio/lib/tips-intellij-idea-community-202.13.jar!/" type="simple" />
            <root url="jar://$USER_HOME$/dev/studio-master-dev/prebuilts/studio/intellij-sdk/AI-202/linux/android-studio/lib/nanoxml-2.2.3.jar!/" type="simple" />
            <root url="jar://$USER_HOME$/dev/studio-master-dev/prebuilts/studio/intellij-sdk/AI-202/linux/android-studio/lib/imageio-metadata-3.5.jar!/" type="simple" />
            <root url="jar://$USER_HOME$/dev/studio-master-dev/prebuilts/studio/intellij-sdk/AI-202/linux/android-studio/lib/batik-gvt-1.12.0-8.jar!/" type="simple" />
            <root url="jar://$USER_HOME$/dev/studio-master-dev/prebuilts/studio/intellij-sdk/AI-202/linux/android-studio/lib/commons-lang3-3.9.jar!/" type="simple" />
            <root url="jar://$USER_HOME$/dev/studio-master-dev/prebuilts/studio/intellij-sdk/AI-202/linux/android-studio/lib/batik-dom-1.12.0-8.jar!/" type="simple" />
            <root url="jar://$USER_HOME$/dev/studio-master-dev/prebuilts/studio/intellij-sdk/AI-202/linux/android-studio/lib/intellij-dvcs.jar!/" type="simple" />
            <root url="jar://$USER_HOME$/dev/studio-master-dev/prebuilts/studio/intellij-sdk/AI-202/linux/android-studio/lib/rd-core-0.202.100.jar!/" type="simple" />
            <root url="jar://$USER_HOME$/dev/studio-master-dev/prebuilts/studio/intellij-sdk/AI-202/linux/android-studio/lib/platform-rd-community.jar!/" type="simple" />
            <root url="jar://$USER_HOME$/dev/studio-master-dev/prebuilts/studio/intellij-sdk/AI-202/linux/android-studio/lib/netty-handler-proxy-4.1.47.Final.jar!/" type="simple" />
            <root url="jar://$USER_HOME$/dev/studio-master-dev/prebuilts/studio/intellij-sdk/AI-202/linux/android-studio/lib/xmlpull-1.1.3.1.jar!/" type="simple" />
            <root url="jar://$USER_HOME$/dev/studio-master-dev/prebuilts/studio/intellij-sdk/AI-202/linux/android-studio/lib/imageio-tiff-3.5.jar!/" type="simple" />
            <root url="jar://$USER_HOME$/dev/studio-master-dev/prebuilts/studio/intellij-sdk/AI-202/linux/android-studio/lib/jackson-databind-2.10.3.jar!/" type="simple" />
            <root url="jar://$USER_HOME$/dev/studio-master-dev/prebuilts/studio/intellij-sdk/AI-202/linux/android-studio/lib/winp-1.28.jar!/" type="simple" />
            <root url="jar://$USER_HOME$/dev/studio-master-dev/prebuilts/studio/intellij-sdk/AI-202/linux/android-studio/lib/xercesImpl-2.12.0.jar!/" type="simple" />
            <root url="jar://$USER_HOME$/dev/studio-master-dev/prebuilts/studio/intellij-sdk/AI-202/linux/android-studio/lib/uast-tests.jar!/" type="simple" />
            <root url="jar://$USER_HOME$/dev/studio-master-dev/prebuilts/studio/intellij-sdk/AI-202/linux/android-studio/lib/idea_rt.jar!/" type="simple" />
            <root url="jar://$USER_HOME$/dev/studio-master-dev/prebuilts/studio/intellij-sdk/AI-202/linux/android-studio/lib/javax.annotation-api-1.3.2.jar!/" type="simple" />
            <root url="jar://$USER_HOME$/dev/studio-master-dev/prebuilts/studio/intellij-sdk/AI-202/linux/android-studio/lib/idea.jar!/" type="simple" />
            <root url="jar://$USER_HOME$/dev/studio-master-dev/prebuilts/studio/intellij-sdk/AI-202/linux/android-studio/lib/byte-buddy-agent-1.10.1.jar!/" type="simple" />
            <root url="jar://$USER_HOME$/dev/studio-master-dev/prebuilts/studio/intellij-sdk/AI-202/linux/android-studio/lib/imageio-core-3.5.jar!/" type="simple" />
            <root url="jar://$USER_HOME$/dev/studio-master-dev/prebuilts/studio/intellij-sdk/AI-202/linux/android-studio/lib/batik-constants-1.12.0-8.jar!/" type="simple" />
            <root url="jar://$USER_HOME$/dev/studio-master-dev/prebuilts/studio/intellij-sdk/AI-202/linux/android-studio/lib/stax-ex-1.8.jar!/" type="simple" />
            <root url="jar://$USER_HOME$/dev/studio-master-dev/prebuilts/studio/intellij-sdk/AI-202/linux/android-studio/lib/common-io-3.5.jar!/" type="simple" />
            <root url="jar://$USER_HOME$/dev/studio-master-dev/prebuilts/studio/intellij-sdk/AI-202/linux/android-studio/lib/java-string-similarity-1.2.1.jar!/" type="simple" />
            <root url="jar://$USER_HOME$/dev/studio-master-dev/prebuilts/studio/intellij-sdk/AI-202/linux/android-studio/lib/antlr4-runtime-4.1.jar!/" type="simple" />
            <root url="jar://$USER_HOME$/dev/studio-master-dev/prebuilts/studio/intellij-sdk/AI-202/linux/android-studio/lib/bcpkix-jdk15on-1.65.jar!/" type="simple" />
            <root url="jar://$USER_HOME$/dev/studio-master-dev/prebuilts/studio/intellij-sdk/AI-202/linux/android-studio/lib/ion-java-1.5.2-2.jar!/" type="simple" />
            <root url="jar://$USER_HOME$/dev/studio-master-dev/prebuilts/studio/intellij-sdk/AI-202/linux/android-studio/lib/jna.jar!/" type="simple" />
            <root url="jar://$USER_HOME$/dev/studio-master-dev/prebuilts/studio/intellij-sdk/AI-202/linux/android-studio/lib/org.eclipse.xtext.xbase.lib-2.17.0.jar!/" type="simple" />
            <root url="jar://$USER_HOME$/dev/studio-master-dev/prebuilts/studio/intellij-sdk/AI-202/linux/android-studio/lib/jaxen-1.2.0.jar!/" type="simple" />
            <root url="jar://$USER_HOME$/dev/studio-master-dev/prebuilts/studio/intellij-sdk/AI-202/linux/android-studio/lib/plexus-interpolation-1.25.jar!/" type="simple" />
            <root url="jar://$USER_HOME$/dev/studio-master-dev/prebuilts/studio/intellij-sdk/AI-202/linux/android-studio/lib/platform-api.jar!/" type="simple" />
            <root url="jar://$USER_HOME$/dev/studio-master-dev/prebuilts/studio/intellij-sdk/AI-202/linux/android-studio/lib/swingx-core-1.6.2-2.jar!/" type="simple" />
            <root url="jar://$USER_HOME$/dev/studio-master-dev/prebuilts/studio/intellij-sdk/AI-202/linux/android-studio/lib/istack-commons-runtime-3.0.7.jar!/" type="simple" />
            <root url="jar://$USER_HOME$/dev/studio-master-dev/prebuilts/studio/intellij-sdk/AI-202/linux/android-studio/lib/netty-codec-http-4.1.47.Final.jar!/" type="simple" />
            <root url="jar://$USER_HOME$/dev/studio-master-dev/prebuilts/studio/intellij-sdk/AI-202/linux/android-studio/lib/xstream-1.4.11.1.jar!/" type="simple" />
            <root url="jar://$USER_HOME$/dev/studio-master-dev/prebuilts/studio/intellij-sdk/AI-202/linux/android-studio/lib/imgscalr-lib-4.2.jar!/" type="simple" />
            <root url="jar://$USER_HOME$/dev/studio-master-dev/prebuilts/studio/intellij-sdk/AI-202/linux/android-studio/lib/jaxb-api-2.3.1.jar!/" type="simple" />
            <root url="jar://$USER_HOME$/dev/studio-master-dev/prebuilts/studio/intellij-sdk/AI-202/linux/android-studio/lib/commons-codec-1.14.jar!/" type="simple" />
            <root url="jar://$USER_HOME$/dev/studio-master-dev/prebuilts/studio/intellij-sdk/AI-202/linux/android-studio/lib/plexus-component-annotations-1.7.1.jar!/" type="simple" />
            <root url="jar://$USER_HOME$/dev/studio-master-dev/prebuilts/studio/intellij-sdk/AI-202/linux/android-studio/lib/kotlin-test-1.4.0.jar!/" type="simple" />
            <root url="jar://$USER_HOME$/dev/studio-master-dev/prebuilts/studio/intellij-sdk/AI-202/linux/android-studio/lib/failureaccess-1.0.1.jar!/" type="simple" />
            <root url="jar://$USER_HOME$/dev/studio-master-dev/prebuilts/studio/intellij-sdk/AI-202/linux/android-studio/lib/rd-swing-0.202.100.jar!/" type="simple" />
            <root url="jar://$USER_HOME$/dev/studio-master-dev/prebuilts/studio/intellij-sdk/AI-202/linux/android-studio/lib/trove4j.jar!/" type="simple" />
            <root url="jar://$USER_HOME$/dev/studio-master-dev/prebuilts/studio/intellij-sdk/AI-202/linux/android-studio/lib/platform-core-ui.jar!/" type="simple" />
            <root url="jar://$USER_HOME$/dev/studio-master-dev/prebuilts/studio/intellij-sdk/AI-202/linux/android-studio/lib/bootstrap.jar!/" type="simple" />
            <root url="jar://$USER_HOME$/dev/studio-master-dev/prebuilts/studio/intellij-sdk/AI-202/linux/android-studio/lib/delight-rhino-sandbox-0.0.11.jar!/" type="simple" />
            <root url="jar://$USER_HOME$/dev/studio-master-dev/prebuilts/studio/intellij-sdk/AI-202/linux/android-studio/lib/commons-lang-2.4.jar!/" type="simple" />
            <root url="jar://$USER_HOME$/dev/studio-master-dev/prebuilts/studio/intellij-sdk/AI-202/linux/android-studio/lib/xml-resolver-1.2.jar!/" type="simple" />
            <root url="jar://$USER_HOME$/dev/studio-master-dev/prebuilts/studio/intellij-sdk/AI-202/linux/android-studio/lib/annotations.jar!/" type="simple" />
            <root url="jar://$USER_HOME$/dev/studio-master-dev/prebuilts/studio/intellij-sdk/AI-202/linux/android-studio/lib/resources.jar!/" type="simple" />
            <root url="jar://$USER_HOME$/dev/studio-master-dev/prebuilts/studio/intellij-sdk/AI-202/linux/android-studio/lib/platform-serviceContainer.jar!/" type="simple" />
            <root url="jar://$USER_HOME$/dev/studio-master-dev/prebuilts/studio/intellij-sdk/AI-202/linux/android-studio/lib/jackson-module-kotlin-2.10.3.jar!/" type="simple" />
            <root url="jar://$USER_HOME$/dev/studio-master-dev/prebuilts/studio/intellij-sdk/AI-202/linux/android-studio/lib/netty-codec-4.1.47.Final.jar!/" type="simple" />
            <root url="jar://$USER_HOME$/dev/studio-master-dev/prebuilts/studio/intellij-sdk/AI-202/linux/android-studio/lib/coverage-common.jar!/" type="simple" />
            <root url="jar://$USER_HOME$/dev/studio-master-dev/prebuilts/studio/intellij-sdk/AI-202/linux/android-studio/lib/jing-20030619.jar!/" type="simple" />
            <root url="jar://$USER_HOME$/dev/studio-master-dev/prebuilts/studio/intellij-sdk/AI-202/linux/android-studio/lib/platform-concurrency.jar!/" type="simple" />
            <root url="jar://$USER_HOME$/dev/studio-master-dev/prebuilts/studio/intellij-sdk/AI-202/linux/android-studio/lib/commons-net-3.6.jar!/" type="simple" />
            <root url="jar://$USER_HOME$/dev/studio-master-dev/prebuilts/studio/intellij-sdk/AI-202/linux/android-studio/lib/platform-objectSerializer-annotations.jar!/" type="simple" />
            <root url="jar://$USER_HOME$/dev/studio-master-dev/prebuilts/studio/intellij-sdk/AI-202/linux/android-studio/lib/xz-1.8.jar!/" type="simple" />
            <root url="jar://$USER_HOME$/dev/studio-master-dev/prebuilts/studio/intellij-sdk/AI-202/linux/android-studio/lib/json.jar!/" type="simple" />
            <root url="jar://$USER_HOME$/dev/studio-master-dev/prebuilts/studio/intellij-sdk/AI-202/linux/android-studio/lib/kotlinx-coroutines-core-1.3.4.jar!/" type="simple" />
            <root url="jar://$USER_HOME$/dev/studio-master-dev/prebuilts/studio/intellij-sdk/AI-202/linux/android-studio/lib/kotlin-stdlib-1.4.0.jar!/" type="simple" />
            <root url="jar://$USER_HOME$/dev/studio-master-dev/prebuilts/studio/intellij-sdk/AI-202/linux/android-studio/lib/plexus-utils-3.2.0.jar!/" type="simple" />
            <root url="jar://$USER_HOME$/dev/studio-master-dev/prebuilts/studio/intellij-sdk/AI-202/linux/android-studio/lib/util.jar!/" type="simple" />
            <root url="jar://$USER_HOME$/dev/studio-master-dev/prebuilts/studio/intellij-sdk/AI-202/linux/android-studio/lib/maven-resolver-impl-1.3.3.jar!/" type="simple" />
            <root url="jar://$USER_HOME$/dev/studio-master-dev/prebuilts/studio/intellij-sdk/AI-202/linux/android-studio/lib/nekohtml-1.9.22.jar!/" type="simple" />
            <root url="jar://$USER_HOME$/dev/studio-master-dev/prebuilts/studio/intellij-sdk/AI-202/linux/android-studio/lib/jsoup-1.12.1.jar!/" type="simple" />
            <root url="jar://$USER_HOME$/dev/studio-master-dev/prebuilts/studio/intellij-sdk/AI-202/linux/android-studio/lib/forms_rt.jar!/" type="simple" />
            <root url="jar://$USER_HOME$/dev/studio-master-dev/prebuilts/studio/intellij-sdk/AI-202/linux/android-studio/lib/common-lang-3.5.jar!/" type="simple" />
            <root url="jar://$USER_HOME$/dev/studio-master-dev/prebuilts/studio/intellij-sdk/AI-202/linux/android-studio/lib/guava-29.0-jre.jar!/" type="simple" />
            <root url="jar://$USER_HOME$/dev/studio-master-dev/prebuilts/studio/intellij-sdk/AI-202/linux/android-studio/lib/batik-svggen-1.12.0-8.jar!/" type="simple" />
            <root url="jar://$USER_HOME$/dev/studio-master-dev/prebuilts/studio/intellij-sdk/AI-202/linux/android-studio/lib/lz4-java-1.7.1.jar!/" type="simple" />
            <root url="jar://$USER_HOME$/dev/studio-master-dev/prebuilts/studio/intellij-sdk/AI-202/linux/android-studio/lib/platform-util-ex.jar!/" type="simple" />
            <root url="jar://$USER_HOME$/dev/studio-master-dev/prebuilts/studio/intellij-sdk/AI-202/linux/android-studio/lib/minlog-1.2.jar!/" type="simple" />
            <root url="jar://$USER_HOME$/dev/studio-master-dev/prebuilts/studio/intellij-sdk/AI-202/linux/android-studio/lib/batik-awt-util-1.12.0-8.jar!/" type="simple" />
            <root url="jar://$USER_HOME$/dev/studio-master-dev/prebuilts/studio/intellij-sdk/AI-202/linux/android-studio/lib/groovy-xml-2.5.11.jar!/" type="simple" />
            <root url="jar://$USER_HOME$/dev/studio-master-dev/prebuilts/studio/intellij-sdk/AI-202/linux/android-studio/lib/groovy-jsr223-2.5.11.jar!/" type="simple" />
            <root url="jar://$USER_HOME$/dev/studio-master-dev/prebuilts/studio/intellij-sdk/AI-202/linux/android-studio/lib/maven-repository-metadata-3.6.1.jar!/" type="simple" />
            <root url="jar://$USER_HOME$/dev/studio-master-dev/prebuilts/studio/intellij-sdk/AI-202/linux/android-studio/lib/txw2-2.3.1.jar!/" type="simple" />
            <root url="jar://$USER_HOME$/dev/studio-master-dev/prebuilts/studio/intellij-sdk/AI-202/linux/android-studio/lib/intellij-test-discovery-agent-1.0.512.jar!/" type="simple" />
            <root url="jar://$USER_HOME$/dev/studio-master-dev/prebuilts/studio/intellij-sdk/AI-202/linux/android-studio/lib/junit.jar!/" type="simple" />
            <root url="jar://$USER_HOME$/dev/studio-master-dev/prebuilts/studio/intellij-sdk/AI-202/linux/android-studio/lib/xml-apis-1.3.04.jar!/" type="simple" />
            <root url="jar://$USER_HOME$/dev/studio-master-dev/prebuilts/studio/intellij-sdk/AI-202/linux/android-studio/lib/annotations-java5.jar!/" type="simple" />
            <root url="jar://$USER_HOME$/dev/studio-master-dev/prebuilts/studio/intellij-sdk/AI-202/linux/android-studio/lib/velocity-1.7.jar!/" type="simple" />
            <root url="jar://$USER_HOME$/dev/studio-master-dev/prebuilts/studio/intellij-sdk/AI-202/linux/android-studio/lib/rngom-20051226-patched.jar!/" type="simple" />
            <root url="jar://$USER_HOME$/dev/studio-master-dev/prebuilts/studio/intellij-sdk/AI-202/linux/android-studio/lib/objenesis-3.1.jar!/" type="simple" />
          </root>
        </classPath>
        <javadocPath>
          <root type="composite" />
        </javadocPath>
        <sourcePath>
          <root type="composite">
            <root url="jar://$USER_HOME$/dev/studio-master-dev/prebuilts/studio/jdk/linux/src.zip!/" type="simple" />
            <root url="jar://$USER_HOME$/dev/studio-master-dev/prebuilts/studio/intellij-sdk/AI-202/android-studio-sources.zip!/" type="simple" />
          </root>
        </sourcePath>
      </roots>
      <additional sdk="IDEA jdk">
        <option name="mySandboxHome" />
      </additional>
    </jdk>
  </component>
</application>