<application>
  <component name="ProjectJdkTable">
    <jdk version="2">
      <name value="Android API 28 Platform" />
      <type value="Android SDK" />
      <version value="java version &quot;1.8.0_112-google-v7&quot;" />
      <homePath value="$USER_HOME$/Android/Sdk" />
      <roots>
        <annotationsPath>
          <root type="composite">
            <root url="jar://$APPLICATION_HOME_DIR$/plugins/android/lib/androidAnnotations.jar!/" type="simple" />
          </root>
        </annotationsPath>
        <classPath>
          <root type="composite">
            <root url="jar://$USER_HOME$/Android/Sdk/platforms/android-28/android.jar!/" type="simple" />
            <root url="file://$USER_HOME$/Android/Sdk/platforms/android-28/data/res" type="simple" />
          </root>
        </classPath>
        <javadocPath>
          <root type="composite" />
        </javadocPath>
        <sourcePath>
          <root type="composite">
            <root url="file://$USER_HOME$/Android/Sdk/sources/android-28" type="simple" />
          </root>
        </sourcePath>
      </roots>
      <additional jdk="IDEA jdk" sdk="android-28" />
    </jdk>
    <jdk version="2">
      <name value="IDEA jdk" />
      <type value="JavaSDK" />
      <version value="java version &quot;1.8.0_152&quot;" />
      <homePath value="$USER_HOME$/dev/studio-master-dev/prebuilts/studio/jdk/linux" />
      <roots>
        <annotationsPath>
          <root type="composite">
            <root url="jar://$APPLICATION_HOME_DIR$/lib/jdkAnnotations.jar!/" type="simple" />
            <root url="jar://$APPLICATION_HOME_DIR$/plugins/java/lib/jdkAnnotations.jar!/" type="simple" />
          </root>
        </annotationsPath>
        <classPath>
          <root type="composite">
            <root url="jar://$USER_HOME$/dev/studio-master-dev/prebuilts/studio/jdk/linux/jre/lib/charsets.jar!/" type="simple" />
            <root url="jar://$USER_HOME$/dev/studio-master-dev/prebuilts/studio/jdk/linux/jre/lib/ext/cldrdata.jar!/" type="simple" />
            <root url="jar://$USER_HOME$/dev/studio-master-dev/prebuilts/studio/jdk/linux/jre/lib/ext/dnsns.jar!/" type="simple" />
            <root url="jar://$USER_HOME$/dev/studio-master-dev/prebuilts/studio/jdk/linux/jre/lib/ext/jaccess.jar!/" type="simple" />
            <root url="jar://$USER_HOME$/dev/studio-master-dev/prebuilts/studio/jdk/linux/jre/lib/ext/localedata.jar!/" type="simple" />
            <root url="jar://$USER_HOME$/dev/studio-master-dev/prebuilts/studio/jdk/linux/jre/lib/ext/nashorn.jar!/" type="simple" />
            <root url="jar://$USER_HOME$/dev/studio-master-dev/prebuilts/studio/jdk/linux/jre/lib/ext/sunec.jar!/" type="simple" />
            <root url="jar://$USER_HOME$/dev/studio-master-dev/prebuilts/studio/jdk/linux/jre/lib/ext/sunjce_provider.jar!/" type="simple" />
            <root url="jar://$USER_HOME$/dev/studio-master-dev/prebuilts/studio/jdk/linux/jre/lib/ext/sunpkcs11.jar!/" type="simple" />
            <root url="jar://$USER_HOME$/dev/studio-master-dev/prebuilts/studio/jdk/linux/jre/lib/ext/zipfs.jar!/" type="simple" />
            <root url="jar://$USER_HOME$/dev/studio-master-dev/prebuilts/studio/jdk/linux/jre/lib/jce.jar!/" type="simple" />
            <root url="jar://$USER_HOME$/dev/studio-master-dev/prebuilts/studio/jdk/linux/jre/lib/jsse.jar!/" type="simple" />
            <root url="jar://$USER_HOME$/dev/studio-master-dev/prebuilts/studio/jdk/linux/jre/lib/management-agent.jar!/" type="simple" />
            <root url="jar://$USER_HOME$/dev/studio-master-dev/prebuilts/studio/jdk/linux/jre/lib/resources.jar!/" type="simple" />
            <root url="jar://$USER_HOME$/dev/studio-master-dev/prebuilts/studio/jdk/linux/jre/lib/rt.jar!/" type="simple" />
            <root url="jar://$USER_HOME$/dev/studio-master-dev/prebuilts/studio/jdk/linux/lib/tools.jar!/" type="simple" />
          </root>
        </classPath>
        <javadocPath>
          <root type="composite" />
        </javadocPath>
        <sourcePath>
          <root type="composite">
            <root url="jar://$USER_HOME$/dev/studio-master-dev/prebuilts/studio/jdk/linux/src.zip!/" type="simple" />
          </root>
        </sourcePath>
      </roots>
      <additional />
    </jdk>
    <jdk version="2">
      <name value="1.8" />
      <type value="JavaSDK" />
      <version value="java version &quot;1.8.0_152&quot;" />
      <homePath value="$USER_HOME$/dev/studio-master-dev/prebuilts/studio/jdk/linux" />
      <roots>
        <annotationsPath>
          <root type="composite">
            <root url="jar://$APPLICATION_HOME_DIR$/lib/jdkAnnotations.jar!/" type="simple" />
            <root url="jar://$APPLICATION_HOME_DIR$/plugins/java/lib/jdkAnnotations.jar!/" type="simple" />
          </root>
        </annotationsPath>
        <classPath>
          <root type="composite">
            <root url="jar://$USER_HOME$/dev/studio-master-dev/prebuilts/studio/jdk/linux/jre/lib/charsets.jar!/" type="simple" />
            <root url="jar://$USER_HOME$/dev/studio-master-dev/prebuilts/studio/jdk/linux/jre/lib/ext/cldrdata.jar!/" type="simple" />
            <root url="jar://$USER_HOME$/dev/studio-master-dev/prebuilts/studio/jdk/linux/jre/lib/ext/dnsns.jar!/" type="simple" />
            <root url="jar://$USER_HOME$/dev/studio-master-dev/prebuilts/studio/jdk/linux/jre/lib/ext/jaccess.jar!/" type="simple" />
            <root url="jar://$USER_HOME$/dev/studio-master-dev/prebuilts/studio/jdk/linux/jre/lib/ext/localedata.jar!/" type="simple" />
            <root url="jar://$USER_HOME$/dev/studio-master-dev/prebuilts/studio/jdk/linux/jre/lib/ext/nashorn.jar!/" type="simple" />
            <root url="jar://$USER_HOME$/dev/studio-master-dev/prebuilts/studio/jdk/linux/jre/lib/ext/sunec.jar!/" type="simple" />
            <root url="jar://$USER_HOME$/dev/studio-master-dev/prebuilts/studio/jdk/linux/jre/lib/ext/sunjce_provider.jar!/" type="simple" />
            <root url="jar://$USER_HOME$/dev/studio-master-dev/prebuilts/studio/jdk/linux/jre/lib/ext/sunpkcs11.jar!/" type="simple" />
            <root url="jar://$USER_HOME$/dev/studio-master-dev/prebuilts/studio/jdk/linux/jre/lib/ext/zipfs.jar!/" type="simple" />
            <root url="jar://$USER_HOME$/dev/studio-master-dev/prebuilts/studio/jdk/linux/jre/lib/jce.jar!/" type="simple" />
            <root url="jar://$USER_HOME$/dev/studio-master-dev/prebuilts/studio/jdk/linux/jre/lib/jsse.jar!/" type="simple" />
            <root url="jar://$USER_HOME$/dev/studio-master-dev/prebuilts/studio/jdk/linux/jre/lib/management-agent.jar!/" type="simple" />
            <root url="jar://$USER_HOME$/dev/studio-master-dev/prebuilts/studio/jdk/linux/jre/lib/resources.jar!/" type="simple" />
            <root url="jar://$USER_HOME$/dev/studio-master-dev/prebuilts/studio/jdk/linux/jre/lib/rt.jar!/" type="simple" />
            <root url="jar://$USER_HOME$/dev/studio-master-dev/prebuilts/studio/jdk/linux/lib/tools.jar!/" type="simple" />
          </root>
        </classPath>
        <javadocPath>
          <root type="composite" />
        </javadocPath>
        <sourcePath>
          <root type="composite">
            <root url="jar://$USER_HOME$/dev/studio-master-dev/prebuilts/studio/jdk/linux/src.zip!/" type="simple" />
          </root>
        </sourcePath>
      </roots>
      <additional />
    </jdk>
    <jdk version="2">
      <name value="Kotlin SDK" />
      <type value="KotlinSDK" />
      <version value="1.3.21" />
      <homePath value="$KOTLIN_BUNDLED$" />
      <roots>
        <annotationsPath>
          <root type="composite" />
        </annotationsPath>
        <classPath>
          <root type="composite" />
        </classPath>
        <javadocPath>
          <root type="composite" />
        </javadocPath>
        <sourcePath>
          <root type="composite" />
        </sourcePath>
      </roots>
      <additional />
    </jdk>
  </component>
</application>