<application>
  <component name="ParameterNameHintsSettings">
    <blacklists>
      <blacklist language="TypeScript" />
      <blacklist language="Java">
        <added pattern="java.util.logging.Logger.info(msg)" />
        <added pattern="java.util.OptionalLong.orElse(other)" />
        <added pattern="java.util.OptionalDouble.orElse(other)" />
      </blacklist>
      <blacklist language="Go">
        <added pattern="*.Sprintf(*,*)" />
        <added pattern="*.Printf(*,*)" />
        <added pattern="*.Println(*)" />
      </blacklist>
      <blacklist language="PHP">
        <removed pattern="" />
      </blacklist>
      <blacklist language="Kotlin">
        <added pattern="com.android.build.gradle.integration.common.DirectoryContext.file(s,block)" />
        <added pattern="com.android.build.gradle.integration.common.DirectoryContext.dir(s,block)" />
        <added pattern="java.nio.file.Paths.get(first,more)" />
      </blacklist>
    </blacklists>
    <option id="SHOW_PROPERTY_HINT" value="true" />
    <option id="SHOW_FUNCTION_HINT" value="true" />
    <option id="SHOW_LOCAL_VARIABLE_HINT" value="true" />
    <option id="SHOW_PARAMETER_TYPE_HINT" value="true" />
  </component>
</application>