<application>
  <component name="PathMacrosImpl">
    <macro name="KOTLIN_BUNDLED" value="/usr/local/google/home/tgeng/.local/share/JetBrains/Toolbox/apps/IDEA-C/ch-0/202.7319.50.plugins/Kotlin/kotlinc" />
    <macro name="MAVEN_REPOSITORY" value="/usr/local/google/home/tgeng/dev/studio-master-dev/prebuilts/tools/common/m2/repository" />
    <macro name="SDK_PLATFORM" value="linux/android-studio" />
    <macro name="TEST_TEMP" value="/tmp/idea-test" />
    <ignoredMacro name="MESSAGE" />
    <ignoredMacro name="FILE_PATH" />
    <ignoredMacro name="LINE" />
    <ignoredMacro name="COLUMN" />
  </component>
</application>