<application>
  <component name="PostfixTemplatesSettings">
    <option name="langDisabledTemplates">
      <disabled-postfix-templates lang="Go">
        <value>
          <set>
            <option value=".par" />
            <option value=".return" />
          </set>
        </value>
      </disabled-postfix-templates>
      <disabled-postfix-templates lang="JavaScript">
        <value>
          <set>
            <option value="!" />
            <option value=".await" />
            <option value=".else" />
            <option value=".forin" />
            <option value=".if" />
            <option value=".itin" />
            <option value=".log" />
            <option value=".not" />
            <option value=".notnull" />
            <option value=".null" />
            <option value=".par" />
            <option value=".return" />
            <option value=".throw" />
            <option value=".typeof" />
            <option value=".undef" />
          </set>
        </value>
      </disabled-postfix-templates>
    </option>
    <option name="providerToDisabledTemplates">
      <disabled-templates provider="org.jetbrains.kotlin.idea.codeInsight.postfix.KtPostfixTemplateProvider">
        <value>
          <set>
            <option value="org.jetbrains.kotlin.idea.codeInsight.postfix.KtParenthesizedPostfixTemplate#.par" />
          </set>
        </value>
      </disabled-templates>
    </option>
  </component>
</application>