<application>
  <component name="TemplateSettings">
    <option name="deletedKeys">
      <list>
        <TemplateKey>
          <option name="groupName" value="Gcl Templates For Completion (Hidden)" />
          <option name="key" value="gcl_import" />
        </TemplateKey>
        <TemplateKey>
          <option name="groupName" value="Gcl Templates For Completion (Hidden)" />
          <option name="key" value="gcl_declare_objtype" />
        </TemplateKey>
      </list>
    </option>
  </component>
</application>