<application>
  <component name="UpdatesConfigurable">
    <ignoredBuildNumbers>
      <item value="192.5281.24" />
      <item value="193.4386.10" />
      <item value="system-images;android-28;google_apis_playstore;x86#9" />
      <item value="emulator#30.0.10" />
      <item value="ndk-bundle#21.1.6363665 rc3" />
      <item value="platform-tools#30.0.0" />
    </ignoredBuildNumbers>
    <option name="LAST_BUILD_CHECKED" value="IC-212.5284.40" />
    <option name="LAST_TIME_CHECKED" value="1632330391749" />
    <option name="THIRD_PARTY_PLUGINS_ALLOWED" value="true" />
  </component>
</application>