<application>
  <component name="UpdatesConfigurable">
    <enabledExternalComponentSources>
      <item value="Android SDK" />
    </enabledExternalComponentSources>
    <option name="externalUpdateChannels">
      <map>
        <entry key="Android SDK" value="Stable Channel" />
      </map>
    </option>
    <ignoredBuildNumbers>
      <item value="192.5281.24" />
      <item value="193.4386.10" />
      <item value="system-images;android-28;google_apis_playstore;x86#9" />
      <item value="emulator#30.0.10" />
      <item value="ndk-bundle#21.1.6363665 rc3" />
      <item value="platform-tools#30.0.0" />
    </ignoredBuildNumbers>
    <knownExternalComponentSources>
      <item value="Android SDK" />
    </knownExternalComponentSources>
    <option name="LAST_BUILD_CHECKED" value="IC-202.6397.94" />
    <option name="LAST_TIME_CHECKED" value="1598917647095" />
    <option name="THIRD_PARTY_PLUGINS_ALLOWED" value="true" />
    <option name="UPDATE_CHANNEL_TYPE" value="eap" />
  </component>
</application>