<keymap version="1" name="tgeng-mac" parent="Mac OS X 10.5+">
  <action id="$Copy">
    <keyboard-shortcut first-keystroke="ctrl insert" />
    <keyboard-shortcut first-keystroke="meta c" />
    <keyboard-shortcut first-keystroke="ctrl c" />
  </action>
  <action id="$Paste">
    <keyboard-shortcut first-keystroke="ctrl v" />
    <keyboard-shortcut first-keystroke="shift insert" />
    <keyboard-shortcut first-keystroke="meta v" />
  </action>
  <action id="$SelectAll" />
  <action id="ActivateBlazeProblemsToolWindow">
    <keyboard-shortcut first-keystroke="meta 8" />
  </action>
  <action id="ActivateBuildToolWindow">
    <keyboard-shortcut first-keystroke="meta 0" />
  </action>
  <action id="ActivateCommitToolWindow" />
  <action id="ActivateDatabaseToolWindow">
    <keyboard-shortcut first-keystroke="meta 2" />
  </action>
  <action id="ActivateFavoritesToolWindow" />
  <action id="ActivateFindToolWindow">
    <keyboard-shortcut first-keystroke="meta 3" />
    <keyboard-shortcut first-keystroke="ctrl f" />
  </action>
  <action id="ActivateServicesToolWindow" />
  <action id="Android.TraceViewSearch">
    <keyboard-shortcut first-keystroke="meta f3" />
  </action>
  <action id="Annotate">
    <keyboard-shortcut first-keystroke="ctrl b" />
  </action>
  <action id="Back">
    <keyboard-shortcut first-keystroke="ctrl meta left" />
    <mouse-shortcut keystroke="button4" />
    <keyboard-shortcut first-keystroke="ctrl o" />
  </action>
  <action id="Blaze.FullSyncProject">
    <keyboard-shortcut first-keystroke="ctrl meta b" />
  </action>
  <action id="Blaze.IncrementalSyncProject">
    <keyboard-shortcut first-keystroke="meta b" />
  </action>
  <action id="Blaze.OpenCorrespondingBuildFile">
    <keyboard-shortcut first-keystroke="shift meta b" />
  </action>
  <action id="Blaze.OpenInCodeSearch">
    <keyboard-shortcut first-keystroke="meta g" />
  </action>
  <action id="ChangesView.GroupBy.Directory" />
  <action id="ChangesView.GroupBy.Module" />
  <action id="ChangesView.Move" />
  <action id="CheckinProject" />
  <action id="CloseAllEditorsButActive">
    <keyboard-shortcut first-keystroke="shift meta m" />
  </action>
  <action id="CloseContent">
    <keyboard-shortcut first-keystroke="ctrl f4" />
    <keyboard-shortcut first-keystroke="meta m" />
  </action>
  <action id="CodesearchSearchAction">
    <keyboard-shortcut first-keystroke="meta p" />
  </action>
  <action id="Compile">
    <keyboard-shortcut first-keystroke="shift ctrl f5" />
  </action>
  <action id="CompileDirty" />
  <action id="Console.Jpa.Execute" />
  <action id="Console.Open">
    <keyboard-shortcut first-keystroke="ctrl space" />
  </action>
  <action id="Console.SplitLine" />
  <action id="Console.TableResult.NavigateForeignAction">
    <mouse-shortcut keystroke="control button1" />
  </action>
  <action id="Console.TableResult.Reload" />
  <action id="ContextHelp" />
  <action id="CopyElement">
    <keyboard-shortcut first-keystroke="ctrl meta d" />
  </action>
  <action id="DatabaseView.GenerateDDLAction" />
  <action id="DebugClass">
    <keyboard-shortcut first-keystroke="shift ctrl f9" />
  </action>
  <action id="Debugger.StepOutOfBlock">
    <keyboard-shortcut first-keystroke="shift f7" />
  </action>
  <action id="Diff.NextChange">
    <keyboard-shortcut first-keystroke="meta i" />
  </action>
  <action id="Diff.PrevChange">
    <keyboard-shortcut first-keystroke="meta u" />
  </action>
  <action id="Diff.SelectedChange">
    <keyboard-shortcut first-keystroke="ctrl n" />
  </action>
  <action id="Django.RunManageTaskAction" />
  <action id="Editor Copy">
    <keyboard-shortcut first-keystroke="meta c" />
    <keyboard-shortcut first-keystroke="ctrl c" />
  </action>
  <action id="Editor Paste">
    <keyboard-shortcut first-keystroke="meta v" />
  </action>
  <action id="EditorChooseLookupItemAlways" />
  <action id="EditorDown">
    <keyboard-shortcut first-keystroke="down" />
    <keyboard-shortcut first-keystroke="ctrl j" />
  </action>
  <action id="EditorDownWithSelection" />
  <action id="EditorEnter">
    <keyboard-shortcut first-keystroke="enter" />
    <keyboard-shortcut first-keystroke="shift enter" />
  </action>
  <action id="EditorJoinLines" />
  <action id="EditorLeft">
    <keyboard-shortcut first-keystroke="left" />
    <keyboard-shortcut first-keystroke="ctrl h" />
  </action>
  <action id="EditorLeftWithSelection" />
  <action id="EditorLineEnd">
    <keyboard-shortcut first-keystroke="end" />
    <keyboard-shortcut first-keystroke="ctrl e" />
  </action>
  <action id="EditorLineStart">
    <keyboard-shortcut first-keystroke="home" />
    <keyboard-shortcut first-keystroke="ctrl a" />
  </action>
  <action id="EditorPasteFromX11" />
  <action id="EditorRight">
    <keyboard-shortcut first-keystroke="right" />
    <keyboard-shortcut first-keystroke="ctrl l" />
  </action>
  <action id="EditorRightWithSelection" />
  <action id="EditorSplitLine" />
  <action id="EditorStartNewLine" />
  <action id="EditorStartNewLineBefore" />
  <action id="EditorUnSelectWord">
    <keyboard-shortcut first-keystroke="shift ctrl w" />
    <keyboard-shortcut first-keystroke="meta w" />
  </action>
  <action id="EditorUp">
    <keyboard-shortcut first-keystroke="up" />
    <keyboard-shortcut first-keystroke="ctrl k" />
  </action>
  <action id="EditorUpWithSelection" />
  <action id="EvaluateExpression">
    <keyboard-shortcut first-keystroke="f8" />
  </action>
  <action id="ExportToTextFile" />
  <action id="ExpressionTypeInfo">
    <keyboard-shortcut first-keystroke="shift ctrl p" />
    <keyboard-shortcut first-keystroke="meta t" />
  </action>
  <action id="ExtractFunction" />
  <action id="ExtractMethod" />
  <action id="FileChooser.TogglePathShowing" />
  <action id="FileStructurePopup">
    <keyboard-shortcut first-keystroke="ctrl f12" />
    <keyboard-shortcut first-keystroke="meta slash" />
  </action>
  <action id="FindInPath">
    <keyboard-shortcut first-keystroke="shift ctrl f" />
  </action>
  <action id="FindModal">
    <keyboard-shortcut first-keystroke="ctrl f" />
  </action>
  <action id="FindNext" />
  <action id="FindPrevious" />
  <action id="ForceStepOver">
    <keyboard-shortcut first-keystroke="shift f6" />
  </action>
  <action id="Forward">
    <keyboard-shortcut first-keystroke="ctrl meta right" />
    <mouse-shortcut keystroke="button5" />
    <keyboard-shortcut first-keystroke="shift ctrl o" />
  </action>
  <action id="Generate">
    <keyboard-shortcut first-keystroke="meta insert" />
    <keyboard-shortcut first-keystroke="meta equals" />
  </action>
  <action id="Git.CompareWithBranch">
    <keyboard-shortcut first-keystroke="shift ctrl b" />
  </action>
  <action id="Git.ResolveConflicts">
    <keyboard-shortcut first-keystroke="ctrl meta r" />
  </action>
  <action id="Go.NewGoFile">
    <keyboard-shortcut first-keystroke="meta n" second-keystroke="g" />
  </action>
  <action id="GotoAction">
    <keyboard-shortcut first-keystroke="shift ctrl a" />
    <keyboard-shortcut first-keystroke="meta p" />
  </action>
  <action id="GotoClass">
    <keyboard-shortcut first-keystroke="meta o" />
  </action>
  <action id="GotoDeclaration">
    <mouse-shortcut keystroke="control button1" />
    <mouse-shortcut keystroke="button2" />
  </action>
  <action id="GotoFile">
    <keyboard-shortcut first-keystroke="shift ctrl n" />
    <keyboard-shortcut first-keystroke="shift meta o" />
  </action>
  <action id="GotoImplementation">
    <mouse-shortcut keystroke="control meta button1" />
    <keyboard-shortcut first-keystroke="ctrl meta u" />
  </action>
  <action id="GotoNextError" />
  <action id="GotoSymbol">
    <keyboard-shortcut first-keystroke="ctrl meta o" />
  </action>
  <action id="GotoTest">
    <keyboard-shortcut first-keystroke="shift ctrl t" />
    <keyboard-shortcut first-keystroke="ctrl t" />
  </action>
  <action id="GotoTypeDeclaration">
    <mouse-shortcut keystroke="shift control button1" />
  </action>
  <action id="Groovy.Shell.Execute" />
  <action id="Gsonformat" />
  <action id="GuiDesigner.QuickJavadoc">
    <mouse-shortcut keystroke="meta button2" />
  </action>
  <action id="HippieCompletion" />
  <action id="InsertLiveTemplate" />
  <action id="Jdbc.OpenEditor.Data">
    <keyboard-shortcut first-keystroke="ctrl enter" />
  </action>
  <action id="JumpToBuildFileAction">
    <keyboard-shortcut first-keystroke="meta n" second-keystroke="b" />
  </action>
  <action id="Kotlin.NewFile">
    <keyboard-shortcut first-keystroke="meta n" second-keystroke="meta k" />
    <keyboard-shortcut first-keystroke="meta n" second-keystroke="k" />
  </action>
  <action id="KotlinConsoleREPL">
    <keyboard-shortcut first-keystroke="meta f10" />
  </action>
  <action id="MethodDown" />
  <action id="MethodHierarchy" />
  <action id="MethodUp" />
  <action id="Move" />
  <action id="MoveEditorToOppositeTabGroup">
    <keyboard-shortcut first-keystroke="ctrl meta w" />
  </action>
  <action id="MoveElementLeft">
    <keyboard-shortcut first-keystroke="shift left" />
    <keyboard-shortcut first-keystroke="meta left" />
  </action>
  <action id="MoveElementRight">
    <keyboard-shortcut first-keystroke="shift right" />
    <keyboard-shortcut first-keystroke="meta right" />
  </action>
  <action id="MoveStatementDown">
    <keyboard-shortcut first-keystroke="shift ctrl down" />
    <keyboard-shortcut first-keystroke="shift ctrl j" />
    <keyboard-shortcut first-keystroke="shift down" />
  </action>
  <action id="MoveStatementUp">
    <keyboard-shortcut first-keystroke="shift ctrl up" />
    <keyboard-shortcut first-keystroke="shift ctrl k" />
    <keyboard-shortcut first-keystroke="shift up" />
  </action>
  <action id="NewClass">
    <keyboard-shortcut first-keystroke="meta n" second-keystroke="j" />
  </action>
  <action id="NewDir">
    <keyboard-shortcut first-keystroke="meta n" second-keystroke="p" />
  </action>
  <action id="NewFile">
    <keyboard-shortcut first-keystroke="meta n" second-keystroke="meta n" />
  </action>
  <action id="NewJavaScriptFile">
    <keyboard-shortcut first-keystroke="meta n" second-keystroke="meta j" />
  </action>
  <action id="NewTypeScriptFile">
    <keyboard-shortcut first-keystroke="meta n" second-keystroke="t" />
  </action>
  <action id="NextOccurence">
    <keyboard-shortcut first-keystroke="f3" />
    <keyboard-shortcut first-keystroke="meta period" />
  </action>
  <action id="NextSplitter">
    <keyboard-shortcut first-keystroke="meta l" />
  </action>
  <action id="NextTab">
    <keyboard-shortcut first-keystroke="meta i" />
  </action>
  <action id="OptimizeImports" />
  <action id="OverrideMethods" />
  <action id="PackageFile" />
  <action id="ParameterInfo">
    <keyboard-shortcut first-keystroke="ctrl p" />
  </action>
  <action id="PrevSplitter">
    <keyboard-shortcut first-keystroke="meta h" />
  </action>
  <action id="PreviousDiff">
    <keyboard-shortcut first-keystroke="f6" />
  </action>
  <action id="PreviousOccurence">
    <keyboard-shortcut first-keystroke="shift f3" />
    <keyboard-shortcut first-keystroke="meta comma" />
  </action>
  <action id="PreviousTab">
    <keyboard-shortcut first-keystroke="meta u" />
  </action>
  <action id="QuickDocCopy">
    <keyboard-shortcut first-keystroke="ctrl insert" />
    <keyboard-shortcut first-keystroke="meta c" />
    <keyboard-shortcut first-keystroke="ctrl c" />
  </action>
  <action id="QuickJavaDoc">
    <mouse-shortcut keystroke="meta button2" />
    <mouse-shortcut keystroke="button6" />
  </action>
  <action id="RecentFiles">
    <keyboard-shortcut first-keystroke="meta y" />
  </action>
  <action id="RecentLocations">
    <keyboard-shortcut first-keystroke="shift ctrl e" />
    <keyboard-shortcut first-keystroke="shift meta y" />
  </action>
  <action id="Refactorings.QuickListPopupAction">
    <keyboard-shortcut first-keystroke="shift ctrl meta t" />
    <keyboard-shortcut first-keystroke="meta d" />
  </action>
  <action id="ReformatCode">
    <keyboard-shortcut first-keystroke="ctrl meta l" />
    <keyboard-shortcut first-keystroke="meta f" />
  </action>
  <action id="RemoteHostView.CopyPaths">
    <keyboard-shortcut first-keystroke="ctrl c" />
  </action>
  <action id="RemoteHostView.Rename" />
  <action id="RenameElement" />
  <action id="RenameFavoritesList" />
  <action id="ReopenClosedTab">
    <keyboard-shortcut first-keystroke="ctrl meta m" />
    <keyboard-shortcut first-keystroke="meta context_menu" />
  </action>
  <action id="Replace">
    <keyboard-shortcut first-keystroke="meta r" />
  </action>
  <action id="ReplaceInPath">
    <keyboard-shortcut first-keystroke="shift ctrl r" />
  </action>
  <action id="Resume">
    <mouse-shortcut keystroke="meta button3" />
    <keyboard-shortcut first-keystroke="f5" />
  </action>
  <action id="RunClass" />
  <action id="RunConfigurationAsAction_Debug_Android Studio_default_target">
    <keyboard-shortcut first-keystroke="f9" second-keystroke="s" />
  </action>
  <action id="RunConfigurationAsAction_Debug_Remote Anything_default_target">
    <keyboard-shortcut first-keystroke="f9" second-keystroke="r" />
  </action>
  <action id="RunConfigurationAsAction_Run_Android Studio_default_target">
    <keyboard-shortcut first-keystroke="f10" second-keystroke="s" />
  </action>
  <action id="RunConfigurationAsAction_Run_Orbitera Web Server (Baros Demo)">
    <keyboard-shortcut first-keystroke="meta f10" />
  </action>
  <action id="RunDashboard.Run" />
  <action id="RunToCursor">
    <keyboard-shortcut first-keystroke="meta f9" />
    <mouse-shortcut keystroke="meta button1" />
  </action>
  <action id="Scala.ShowImplicits">
    <keyboard-shortcut first-keystroke="shift ctrl meta equals" />
    <keyboard-shortcut first-keystroke="shift ctrl meta add" />
  </action>
  <action id="ScrollFromSource" />
  <action id="SelectInProjectView">
    <keyboard-shortcut first-keystroke="meta s" />
  </action>
  <action id="SelectNextOccurrence" />
  <action id="ServiceView.GroupByServiceGroups" />
  <action id="ShelvedChanges.Rename" />
  <action id="ShiftDownAction">
    <keyboard-shortcut first-keystroke="shift ctrl meta comma" />
    <keyboard-shortcut first-keystroke="meta comma" />
  </action>
  <action id="ShiftDownMoreAction">
    <keyboard-shortcut first-keystroke="shift ctrl meta j" />
    <keyboard-shortcut first-keystroke="shift meta comma" />
  </action>
  <action id="ShiftUpAction">
    <keyboard-shortcut first-keystroke="shift ctrl meta period" />
    <keyboard-shortcut first-keystroke="meta period" />
  </action>
  <action id="ShiftUpMoreAction">
    <keyboard-shortcut first-keystroke="shift ctrl meta k" />
    <keyboard-shortcut first-keystroke="shift meta period" />
  </action>
  <action id="ShowErrorDescription" />
  <action id="ShowExecutionPoint" />
  <action id="ShowIntentionActions">
    <keyboard-shortcut first-keystroke="meta enter" />
    <keyboard-shortcut first-keystroke="meta a" />
  </action>
  <action id="ShowLog">
    <keyboard-shortcut first-keystroke="meta f2" />
  </action>
  <action id="ShowProjectStructureSettings">
    <keyboard-shortcut first-keystroke="shift ctrl meta s" />
    <keyboard-shortcut first-keystroke="ctrl f1" />
  </action>
  <action id="ShowSettings">
    <keyboard-shortcut first-keystroke="ctrl meta s" />
    <keyboard-shortcut first-keystroke="f1" />
  </action>
  <action id="ShowUmlDiagramPopup" />
  <action id="SmartStepInto" />
  <action id="StepOut">
    <mouse-shortcut keystroke="meta button143" />
  </action>
  <action id="StepOver">
    <keyboard-shortcut first-keystroke="f6" />
    <mouse-shortcut keystroke="meta button142" />
  </action>
  <action id="Stop">
    <keyboard-shortcut first-keystroke="f2" />
  </action>
  <action id="SurroundWith">
    <keyboard-shortcut first-keystroke="ctrl meta t" />
    <keyboard-shortcut first-keystroke="meta e" />
  </action>
  <action id="SurroundWithLiveTemplate" />
  <action id="SwitchApply">
    <keyboard-shortcut first-keystroke="shift meta enter" />
  </action>
  <action id="SwitchDown">
    <keyboard-shortcut first-keystroke="shift meta down" />
  </action>
  <action id="SwitchLeft">
    <keyboard-shortcut first-keystroke="shift meta left" />
  </action>
  <action id="SwitchRight">
    <keyboard-shortcut first-keystroke="shift meta right" />
  </action>
  <action id="SwitchUp">
    <keyboard-shortcut first-keystroke="shift meta up" />
  </action>
  <action id="Switcher" />
  <action id="TableResult.UnselectPreviousOccurrence" />
  <action id="TodoViewGroupByShowModules" />
  <action id="TodoViewGroupByShowPackages" />
  <action id="TypeHierarchy" />
  <action id="UnselectPreviousOccurrence" />
  <action id="UpdateRunningApplication" />
  <action id="UsageGrouping.Directory" />
  <action id="UsageGrouping.Package" />
  <action id="Vcs.MoveChangedLinesToChangelist" />
  <action id="Vcs.Push" />
  <action id="Vcs.Show.Local.Changes">
    <keyboard-shortcut first-keystroke="shift meta 9" />
  </action>
  <action id="Vcs.ShowMessageHistory">
    <keyboard-shortcut first-keystroke="ctrl m" />
  </action>
  <action id="Vcs.ToggleAmendCommitMode" />
  <action id="Vcs.UpdateProject" />
  <action id="VcsShowNextChangeMarker">
    <keyboard-shortcut first-keystroke="shift ctrl meta down" />
    <keyboard-shortcut first-keystroke="ctrl meta j" />
    <keyboard-shortcut first-keystroke="meta down" />
  </action>
  <action id="VcsShowPrevChangeMarker">
    <keyboard-shortcut first-keystroke="shift ctrl meta up" />
    <keyboard-shortcut first-keystroke="ctrl meta k" />
    <keyboard-shortcut first-keystroke="meta up" />
  </action>
  <action id="ViewSource" />
  <action id="android.deploy.ApplyChanges">
    <keyboard-shortcut first-keystroke="ctrl f10" />
  </action>
  <action id="android.deploy.CodeSwap">
    <keyboard-shortcut first-keystroke="ctrl meta f10" />
  </action>
  <action id="com.andrewbrookins.idea.wrap.WrapAction">
    <keyboard-shortcut first-keystroke="shift ctrl meta w" />
    <keyboard-shortcut first-keystroke="ctrl q" />
  </action>
  <action id="editRunConfigurations">
    <keyboard-shortcut first-keystroke="ctrl r" />
  </action>
  <action id="org.intellij.plugins.markdown.ui.actions.styling.ToggleCodeSpanAction" />
  <action id="osmedile.intellij.stringmanip.DuplicateAndDecrementAction">
    <keyboard-shortcut first-keystroke="meta x" />
  </action>
  <action id="osmedile.intellij.stringmanip.DuplicateAndIncrementAction">
    <keyboard-shortcut first-keystroke="meta z" />
  </action>
  <action id="osmedile.intellij.stringmanip.PopupChoiceAction" />
  <action id="refactoring.extract.dependency" />
  <action id="runShellFileAction" />
  <action id="tasks.open.in.browser" />
</keymap>