<application>
  <component name="ConsoleFoldingSettings">
    <option name="addedPositive">
      <list>
        <option value="[ 136307]  ERROR - penapi.actionSystem.impl.Utils - update failed for ActionGroup: Hide (Hide active tool window)[Hide]" />
        <option value="at com.intellij.openapi.wm.impl.ToolWindowManagerImpl.getRegisteredInfoOrLogError(ToolWindowManagerImpl.java:735)" />
        <option value="com.intellij.util.DeprecatedMethodException: The default implementation of ConfigurationFactory.getId is deprecated, you need to override it in com.android.tools.idea.testartifacts.junit.AndroidJUnitConfigurationType$2. The default implementation delegates to 'getName' which may be localized but return value of this method must not depend on current localization." />
      </list>
    </option>
    <option name="removedPositive">
      <list>
        <option value="com.intellij.openapi.command.WriteCommandAction" />
      </list>
    </option>
  </component>
</application>