<application>
  <component name="GeneralSettings">
    <option name="autoSaveIfInactive" value="true" />
    <option name="confirmExit" value="false" />
    <option name="confirmOpenNewProject2" value="0" />
    <option name="processCloseConfirmation" value="TERMINATE" />
    <option name="reopenLastProject" value="false" />
    <option name="showTipsOnStartup" value="false" />
    <option name="useSafeWrite" value="false" />
  </component>
  <component name="Registry">
    <entry key="ide.firstStartup" value="false" />
    <entry key="focus.follows.mouse.workarounds" value="true" />
    <entry key="undo.documentUndoLimit" value="10000" />
    <entry key="undo.globalUndoLimit" value="100" />
    <entry key="bigger.font.in.project.view" value="true" />
    <entry key="ide.mac.allowDarkWindowDecorations" value="true" />
    <entry key="debugger.watches.in.variables" value="false" />
    <entry key="suppress.focus.stealing" value="true" />
    <entry key="ide.balloon.shadow.size" value="0" />
    <entry key="win.editor.thumb.default.alpha.base" value="0" />
    <entry key="win.editor.thumb.default.alpha.delta" value="102" />
    <entry key="win.editor.thumb.darcula.alpha.base" value="0" />
    <entry key="win.editor.thumb.darcula.alpha.delta" value="102" />
    <entry key="win.editor.thumb.default.fill.min" value="102" />
    <entry key="win.editor.thumb.default.fill.max" value="150" />
    <entry key="win.editor.thumb.darcula.fill.min" value="102" />
    <entry key="analyze.exceptions.on.the.fly" value="true" />
    <entry key="suppress.focus.stealing.linux" value="true" />
    <entry key="suppress.focus.stealing.auto.request.focus" value="true" />
    <entry key="BSP.system.in.process" value="true" />
    <entry key="SBT.system.in.process" value="true" />
    <entry key="suppress.focus.stealing.disable.auto.request.focus" value="true" />
    <entry key="suppress.focus.stealing.active.window.checks" value="true" />
    <entry key="ide.images.show.chessboard" value="true" />
  </component>
</application>